Workbook
Name ExternalData_1: 'JKRQuery (2)'!$A$1:$D$169
Name Slicer_State1: #N/A

Sheet Overall Loss >

Sheet Link
A1: No | B1: Link | C1: Description
A2: 1 | B2: https://www.worldbank.org/en/country/malaysia/publication/flood-risk-management-leveraging-finance-for-business-resilience-in-malaysia | C2: Managing Flood Risks- Leveraging Finance for Business Resilience in Malaysia
A3: =A2+1 -> 2 | B3: https://www.unescap.org/sites/default/d8files/event-documents/02%20MYS%203.%2022nd%20meeting%20twg%20of%20disaster%20stats_%20Malaysia.pdf | C3: IMPACT OF FLOODS IN MALAYSIA 2022: MALAYSIA’S EXPERIENCE
A4: =A3+1 -> 3 | B4: https://www.dosm.gov.my/portal-main/release-content/special-report-on-impact-of-floods-in-malaysia-2021 | C4: Flood Impact Archive DOSM
A5: =A4+1 -> 4 | B5: https://reliefweb.int/disaster/fl-2021-000209-mys | C5: Flash Flood Dec 2021
A6: =A5+1 -> 5 | B6: https://www.met.gov.my/penerbitan/laporan-tahunan/ | C6: Annual Report by METMalaysia
A7: =A6+1 -> 6 | B7: https://www.water.gov.my/index.php/pages/view/2113?mid=691 | C7: Department of Irrigation and Drainage
A8: =A7+1 -> 7 | B8: https://publicinfobanjir.water.gov.my/hujan/data-hujan/?lang=en | C8: Rainfall Data - Department of Irrigation and Drainage Malaysia
A9: =A8+1 -> 8 | B9: https://www.ukm.my/jkukm/wp-content/uploads/2025/3702/28.pdf | C9: A Review of Major Flood Events in Malaysia Between 1970-2024
A10: =A9+1 -> 9 | B10: https://www.iseas.edu.sg/articles-commentaries/iseas-perspective/2022-26-malaysias-floods-of-december-2021-can-future-disasters-be-avoided-by-serina-rahman/ | C10: “Malaysia’s Floods of December 2021: Can Future Disasters be Avoided?” by Serina Rahman

Sheet Malaysia
A3: Sum of Value | B3: Year | I3: KRI Name | J3: Value | K3: Status
A4: Category | B4: 2025 | C4: Grand Total | I4: National Flood Loss Growth Rate | J4: =GETPIVOTDATA("Sum of Value",$A$3, "Year", 2025)/GETPIVOTDATA("Sum of Value",$A$3, "Year", 2024)-1 -> #REF! | K4: =IF(J4>0.2,"🔴 Red",IF(J4>0,"🟡 Amber","🟢 Green")) -> #REF!
A5: Agriculture | B5: 52559.126 | C5: 52559.126 | I5: Residential Exposure Ratio | J5: =GETPIVOTDATA("Sum of Value",$A$3, "Year", 2025, "Categories", "Living Quarters")/GETPIVOTDATA("Sum of Value",$A$3, "Year", 2025) -> 0.28860366 | K5: =IF(J5>0.45,"🔴 Red",IF(J5>0.3,"🟡 Amber","🟢 Green")) -> 🟢 Green
A6: Business Premises | B6: 13448.684 | C6: 13448.684 | I6: Infrastructure Dependency Risk | J6: =GETPIVOTDATA("Sum of Value",$A$3, "Year", 2025, "Categories", "Infrastructure")/GETPIVOTDATA("Sum of Value",$A$3, "Year", 2025) -> 0.5969128 | K6: =IF(J6>0.45,"🔴 Red",IF(J6>0.3,"🟡 Amber","🟢 Green")) -> 🔴 Red
A7: Infrastructure | B7: 380181.72 | C7: 380181.72 | I7: State Concentration risk | J7: =GETPIVOTDATA("Sum of Loss",'Loss by State'!$A$3)/GETPIVOTDATA("Sum of Value",$A$3,"Year",2025) -> #REF! | K7: =IF(J7>0.45,"🔴 Red",IF(J7>0.3,"🟡 Amber","🟢 Green")) -> #REF!
A8: Living Quarters | B8: 183815.52 | C8: 183815.52
A9: Manufacturing | B9: 75.6 | C9: 75.6
A10: Vehicles | B10: 6832.6793 | C10: 6832.6793
A11: Grand Total | B11: 636913.32 | C11: 636913.32
A13: Main Contributer: | C13: =INDEX($A$5:$A$9, MATCH(MAX(C5:C9), C5:C9, 0)) -> Infrastructure | D13: =INDEX($A$5:$A$9, MATCH(MAX(D5:D9), D5:D9, 0)) -> #N/A | E13: =INDEX($A$5:$A$9, MATCH(MAX(E5:E9), E5:E9, 0)) -> #N/A | F13: =INDEX($A$5:$A$9, MATCH(MAX(F5:F9), F5:F9, 0)) -> #N/A
A15: Sum of Value | B15: Year
A16: Category | B16: 2021 | C16: 2022 | D16: 2023 | E16: 2024 | F16: 2025
A17: Agriculture | C17: 0.70546879 | D17: -0.21930553 | E17: 0.53546186 | F17: -0.71623683
A18: Business Premises | C18: -0.90432529 | D18: 0.057548445 | E18: 0.016209678 | F18: -0.75122414
A19: Infrastructure | C19: -0.68161629 | D19: -0.40207061 | E19: -0.20318829 | F19: 0.25315499
A20: Living Quarters | C20: -0.90296115 | D20: 0.069034298 | E20: 1.2122655 | F20: -0.50617996
A21: Manufacturing | C21: -0.99023224 | D21: 0.17837143 | E21: -0.88663391 | F21: -0.93500079
A22: Vehicles | C22: -0.98086977 | D22: 0.18755671 | E22: -0.22522787 | F22: -0.60500744
A23: Grand Total | C23: -0.83206658 | D23: -0.26407789 | E23: 0.23555438 | F23: -0.31760799
A26: Sum of Value | B26: Year
A27: Category | B27: 2021 | C27: 2022 | D27: 2023 | E27: 2024 | F27: 2025
A28: Agriculture | C28: 63915.472 | D28: -33886.097 | E28: 64592.429 | F28: -132662.68
A29: Business Premises | C29: -475461.63 | D29: 2894.82 | E29: 862.30843 | F29: -40610.758
A30: Infrastructure | C30: -1363232.6 | D30: -256025.46 | E30: -77362.307 | F30: 76802.071
A31: Living Quarters | C31: -1464562.8 | D31: 10865.495 | E31: 203973.6 | F31: -188416.27
A32: Manufacturing | C32: -882653.43 | D32: 1553.0078 | E32: -9096.5114 | F32: -1087.491
A33: Vehicles | C33: -963973.03 | D33: 3526.1954 | E33: -5028.6368 | F33: -10465.569
A34: Grand Total | C34: -5085968 | D34: -271072.04 | E34: 177940.88 | F34: -296440.7
A36: Main Contributer: | C36: =INDEX($A$28:$A$33, MATCH(MAX(C28:C33), C28:C33, 0)) -> Agriculture | D36: =INDEX($A$28:$A$33, MATCH(MAX(D28:D33), D28:D33, 0)) -> Living Quarters | E36: =INDEX($A$28:$A$33, MATCH(MAX(E28:E33), E28:E33, 0)) -> Living Quarters | F36: =INDEX($A$28:$A$33, MATCH(MAX(F28:F33), F28:F33, 0)) -> Infrastructure

Sheet Sub Category >

Sheet State Analysis

Sheet Loss by Category
A2: State | B2: (All)
A4: Sum of Loss | B4: Year | I4: Highest Losses per Year | J4: Category
A5: Category | B5: 2021 | C5: 2022 | D5: 2023 | E5: 2024 | F5: 2025 | G5: Grand Total | I5: 2022 | J5: =INDEX($A$6:$A$11, MATCH(MAX(B6:B11), B6:B11, 0)) -> Living Quarter
A6: Agriculture | B6: 0 | C6: 154515.47 | D6: 120629.37 | E6: 185221.8 | F6: 52559.126 | G6: 512925.78 | I6: 2023 | J6: =INDEX($A$6:$A$11, MATCH(MAX(C6:C11), C6:C11, 0)) -> Infrastructure
A7: Infrastructure | B7: 0 | C7: 632878.07 | D7: 376498.36 | E7: 300382.48 | F7: 376648.96 | G7: 1686407.9 | I7: 2024 | J7: =INDEX($A$6:$A$11, MATCH(MAX(E6:E11), E6:E11, 0)) -> Living Quarter
A8: Manufacturing | B8: 891360.03 | C8: 8706.5947 | D8: 10259.602 | E8: 1163.091 | F8: 75.6 | G8: 911564.92 | I8: 2025 | J8: =INDEX($A$6:$A$11, MATCH(MAX(F6:F11), F6:F11, 0)) -> Infrastructure
A9: Premises | B9: 525763.94 | C9: 50302.314 | D9: 53197.134 | E9: 54059.442 | F9: 13448.684 | G9: 696771.52 | I9: Overall | J9: =INDEX($A$6:$A$11, MATCH(MAX(G6:G11), G6:G11, 0)) -> Living Quarter
A10: Vehicle | B10: 982773.72 | C10: 18800.689 | D10: 22326.885 | E10: 17298.248 | F10: 6832.6793 | G10: 1048032.2
A11: Living Quarter | B11: 1621955.5 | C11: 157392.7 | D11: 168258.19 | E11: 372231.79 | F11: 183815.52 | G11: 2503653.7
A12: Grand Total | B12: 4021853.2 | C12: 1022595.8 | D12: 751169.55 | E12: 930356.86 | F12: 633380.56 | G12: 7359356

Sheet Loss by State
A1: Top 5 States with the Highest Loss

Sheet Agriculture by State >

Sheet AgriculturePivot
A1: Category | B1: (All)
A3: Sum of Value | B3: Year
A4: State | B4: 2022 | C4: 2023 | D4: 2024 | E4: 2025 | F4: Grand Total
A5: Johor | B5: 247.36 | C5: 25238.669 | D5: 2432.7901 | E5: 13010.384 | F5: 40929.203
A6: Kedah | B6: 327.1 | C6: 416.2 | D6: 118210.03 | E6: 5039.94 | F6: 123993.27
A7: Kelantan | B7: 66034.69 | C7: 52547.492 | D7: 43788.086 | E7: 4383.692 | F7: 166753.96
A8: Melaka | B8: 98.3 | C8: 207.7424 | D8: 471.6866 | E8: 512.298 | F8: 1290.027
A9: Negeri Sembilan | B9: 3007.138 | C9: 3023.638 | D9: 1209.919 | E9: 2623.4052 | F9: 9864.1002
A10: Pahang | B10: 1692.82 | C10: 3369.42 | D10: 8807.069 | E10: 4288.7644 | F10: 18158.073
A11: Perak | B11: 767.813 | C11: 767.813 | D11: 312.341 | E11: 4479.075 | F11: 6327.042
A12: Perlis | B12: 0 | C12: 0 | D12: 176.15 | E12: 1221.972 | F12: 1398.122
A13: Pulau Pinang | B13: 74.848 | C13: 99.848 | D13: 63 | E13: 2592.7346 | F13: 2830.4306
A14: Sabah | B14: 0 | C14: 195.75 | D14: 683.627 | E14: 3648.822 | F14: 4528.199
A15: Sarawak | B15: 98.5 | C15: 196.78 | D15: 518.406 | E15: 163 | F15: 976.686
A16: Selangor | B16: 3144.604 | C16: 3284.383 | D16: 1887.4807 | E16: 9582.0305 | F16: 17898.498
... A18: Grand Total | B18: 154515.47 | C18: 120629.37 | D18: 185221.8 | E18: 52558.478 | F18: 512925.13

Sheet AgriSubCatPivot
A1: Category | B1: (All)
A3: Sum of Value | B3: Column Labels
A4: State | B4: 2022 | C4: 2023 | D4: 2024 | E4: 2025 | F4: Grand Total
A5: Johor | B5: 247.36 | C5: 1 | D5: 2429.715 | E5: 13010.384 | F5: 15688.459
A6: Kedah | B6: 327.1 | C6: 1 | D6: 118210.03 | E6: 5039.94 | F6: 123578.07
A7: Kelantan | B7: 66034.69 | C7: 1 | D7: 22443.98 | E7: 4383.692 | F7: 92863.362
A8: Melaka | B8: 98.3 | C8: 1 | D8: 471.6866 | E8: 512.298 | F8: 1083.2846
A9: Negeri Sembilan | B9: 3007.138 | C9: 1 | D9: 1209.919 | E9: 2623.4052 | F9: 6841.4622
A10: Pahang | B10: 1692.82 | C10: 1 | D10: 8807.069 | E10: 4288.7644 | F10: 14789.653
A11: Perak | B11: 767.813 | C11: 1 | D11: 312.341 | E11: 4479.075 | F11: 5560.229
A12: Perlis | B12: 0 | C12: 1 | D12: 176.15 | E12: 1221.972 | F12: 1399.122
A13: Pulau Pinang | B13: 74.848 | C13: 1 | D13: 63 | E13: 2592.7346 | F13: 2731.5826
A14: Sabah | B14: 0 | C14: 1 | D14: 44.377 | E14: 3646.322 | F14: 3691.699
A15: Sarawak | B15: 98.5 | C15: 1 | D15: 453.222 | E15: 94 | F15: 646.722
A16: Selangor | B16: 3144.604 | C16: 1 | D16: 1870.158 | E16: 9582.0305 | F16: 14597.792
... A19: Grand Total | B19: 154515.47 | C19: 14 | D19: 162623.78 | E19: 52486.978 | F19: 369640.23

Sheet Agriculture by State
A1: h | B1: Agriculture and Food Security (RM '000) | G1: Movement | L1: % YoY
A2: Year | B2: 2022 | C2: 2023 | D2: 2024 | E2: 2025 | G2: 2022 | H2: 2023 | I2: 2024 | J2: 2025 | L2: 2022 | M2: 2023 | N2: 2024 | O2: 2025
A3: Malaysia | B3: 154515.47 | C3: 119504.67 | D3: 162623.78 | E3: 52486.978 | G3: - | H3: =Agriculture_FoodSecurity[[#This Row],[2023]]-Agriculture_FoodSecurity[[#This Row],[2022]] -> -35010.798 | I3: =Agriculture_FoodSecurity[[#This Row],[2024]]-Agriculture_FoodSecurity[[#This Row],[2023]] -> 43119.109 | J3: =Agriculture_FoodSecurity[[#This Row],[2025]]-Agriculture_FoodSecurity[[#This Row],[2024]] -> -110136.81 | L3: - | M3: =IF(OR(Agriculture_FoodSecurity[[#This Row],[2022]]="n.a", Agriculture_FoodSecurity[[#This Row],[2022]]=0, Agriculture_FoodSecurity[[#This Row],[2023]]="n.a"), "-",H3/Agriculture_FoodSecurity[[#This Row],[2022]]) -> -0.22658441 | N3: =IF(OR(Agriculture_FoodSecurity[[#This Row],[2023]]="n.a", Agriculture_FoodSecurity[[#This Row],[2023]]=0, Agriculture_FoodSecurity[[#This Row],[2024]]="n.a"), "-",I3/Agriculture_FoodSecurity[[#This Row],[2023]]) -> 0.36081525 | O3: =IF(OR(Agriculture_FoodSecurity[[#This Row],[2024]]="n.a", Agriculture_FoodSecurity[[#This Row],[2024]]=0, Agriculture_FoodSecurity[[#This Row],[2025]]="n.a"), "-",J3/Agriculture_FoodSecurity[[#This Row],[2024]]) -> -0.67724907
A4: Johor | B4: 247.36 | C4: 25196.239 | D4: 2429.715 | E4: 13010.384 | G4: - | H4: =Agriculture_FoodSecurity[[#This Row],[2023]]-Agriculture_FoodSecurity[[#This Row],[2022]] -> 24948.879 | I4: =Agriculture_FoodSecurity[[#This Row],[2024]]-Agriculture_FoodSecurity[[#This Row],[2023]] -> -22766.524 | J4: =Agriculture_FoodSecurity[[#This Row],[2025]]-Agriculture_FoodSecurity[[#This Row],[2024]] -> 10580.669 | L4: - | M4: =IF(OR(Agriculture_FoodSecurity[[#This Row],[2022]]="n.a", Agriculture_FoodSecurity[[#This Row],[2022]]=0, Agriculture_FoodSecurity[[#This Row],[2023]]="n.a"), "-",H4/Agriculture_FoodSecurity[[#This Row],[2022]]) -> 100.8606 | N4: =IF(OR(Agriculture_FoodSecurity[[#This Row],[2023]]="n.a", Agriculture_FoodSecurity[[#This Row],[2023]]=0, Agriculture_FoodSecurity[[#This Row],[2024]]="n.a"), "-",I4/Agriculture_FoodSecurity[[#This Row],[2023]]) -> -0.90356835 | O4: =IF(OR(Agriculture_FoodSecurity[[#This Row],[2024]]="n.a", Agriculture_FoodSecurity[[#This Row],[2024]]=0, Agriculture_FoodSecurity[[#This Row],[2025]]="n.a"), "-",J4/Agriculture_FoodSecurity[[#This Row],[2024]]) -> 4.3546955
A5: Kedah | B5: 327.1 | C5: 416.2 | D5: 118210.03 | E5: 5039.94 | G5: - | H5: =Agriculture_FoodSecurity[[#This Row],[2023]]-Agriculture_FoodSecurity[[#This Row],[2022]] -> 89.1 | I5: =Agriculture_FoodSecurity[[#This Row],[2024]]-Agriculture_FoodSecurity[[#This Row],[2023]] -> 117793.83 | J5: =Agriculture_FoodSecurity[[#This Row],[2025]]-Agriculture_FoodSecurity[[#This Row],[2024]] -> -113170.09 | L5: - | M5: =IF(OR(Agriculture_FoodSecurity[[#This Row],[2022]]="n.a", Agriculture_FoodSecurity[[#This Row],[2022]]=0, Agriculture_FoodSecurity[[#This Row],[2023]]="n.a"), "-",H5/Agriculture_FoodSecurity[[#This Row],[2022]]) -> 0.27239376 | N5: =IF(OR(Agriculture_FoodSecurity[[#This Row],[2023]]="n.a", Agriculture_FoodSecurity[[#This Row],[2023]]=0, Agriculture_FoodSecurity[[#This Row],[2024]]="n.a"), "-",I5/Agriculture_FoodSecurity[[#This Row],[2023]]) -> 283.02218 | O5: =IF(OR(Agriculture_FoodSecurity[[#This Row],[2024]]="n.a", Agriculture_FoodSecurity[[#This Row],[2024]]=0, Agriculture_FoodSecurity[[#This Row],[2025]]="n.a"), "-",J5/Agriculture_FoodSecurity[[#This Row],[2024]]) -> -0.95736453
A6: Kelantan | B6: 66034.69 | C6: 52525.092 | D6: 22443.98 | E6: 4383.692 | G6: - | H6: =Agriculture_FoodSecurity[[#This Row],[2023]]-Agriculture_FoodSecurity[[#This Row],[2022]] -> -13509.598 | I6: =Agriculture_FoodSecurity[[#This Row],[2024]]-Agriculture_FoodSecurity[[#This Row],[2023]] -> -30081.113 | J6: =Agriculture_FoodSecurity[[#This Row],[2025]]-Agriculture_FoodSecurity[[#This Row],[2024]] -> -18060.288 | L6: - | M6: =IF(OR(Agriculture_FoodSecurity[[#This Row],[2022]]="n.a", Agriculture_FoodSecurity[[#This Row],[2022]]=0, Agriculture_FoodSecurity[[#This Row],[2023]]="n.a"), "-",H6/Agriculture_FoodSecurity[[#This Row],[2022]]) -> -0.20458335 | N6: =IF(OR(Agriculture_FoodSecurity[[#This Row],[2023]]="n.a", Agriculture_FoodSecurity[[#This Row],[2023]]=0, Agriculture_FoodSecurity[[#This Row],[2024]]="n.a"), "-",I6/Agriculture_FoodSecurity[[#This Row],[2023]]) -> -0.57269986 | O6: =IF(OR(Agriculture_FoodSecurity[[#This Row],[2024]]="n.a", Agriculture_FoodSecurity[[#This Row],[2024]]=0, Agriculture_FoodSecurity[[#This Row],[2025]]="n.a"), "-",J6/Agriculture_FoodSecurity[[#This Row],[2024]]) -> -0.80468294
A7: Melaka | B7: 98.3 | C7: 206.4424 | D7: 471.6866 | E7: 512.298 | G7: - | H7: =Agriculture_FoodSecurity[[#This Row],[2023]]-Agriculture_FoodSecurity[[#This Row],[2022]] -> 108.1424 | I7: =Agriculture_FoodSecurity[[#This Row],[2024]]-Agriculture_FoodSecurity[[#This Row],[2023]] -> 265.2442 | J7: =Agriculture_FoodSecurity[[#This Row],[2025]]-Agriculture_FoodSecurity[[#This Row],[2024]] -> 40.6114 | L7: - | M7: =IF(OR(Agriculture_FoodSecurity[[#This Row],[2022]]="n.a", Agriculture_FoodSecurity[[#This Row],[2022]]=0, Agriculture_FoodSecurity[[#This Row],[2023]]="n.a"), "-",H7/Agriculture_FoodSecurity[[#This Row],[2022]]) -> 1.1001261 | N7: =IF(OR(Agriculture_FoodSecurity[[#This Row],[2023]]="n.a", Agriculture_FoodSecurity[[#This Row],[2023]]=0, Agriculture_FoodSecurity[[#This Row],[2024]]="n.a"), "-",I7/Agriculture_FoodSecurity[[#This Row],[2023]]) -> 1.2848339 | O7: =IF(OR(Agriculture_FoodSecurity[[#This Row],[2024]]="n.a", Agriculture_FoodSecurity[[#This Row],[2024]]=0, Agriculture_FoodSecurity[[#This Row],[2025]]="n.a"), "-",J7/Agriculture_FoodSecurity[[#This Row],[2024]]) -> 0.086098269
A8: Negeri Sembilan | B8: 3007.138 | C8: 3023.638 | D8: 1209.919 | E8: 2623.4052 | G8: - | H8: =Agriculture_FoodSecurity[[#This Row],[2023]]-Agriculture_FoodSecurity[[#This Row],[2022]] -> 16.5 | I8: =Agriculture_FoodSecurity[[#This Row],[2024]]-Agriculture_FoodSecurity[[#This Row],[2023]] -> -1813.719 | J8: =Agriculture_FoodSecurity[[#This Row],[2025]]-Agriculture_FoodSecurity[[#This Row],[2024]] -> 1413.4862 | L8: - | M8: =IF(OR(Agriculture_FoodSecurity[[#This Row],[2022]]="n.a", Agriculture_FoodSecurity[[#This Row],[2022]]=0, Agriculture_FoodSecurity[[#This Row],[2023]]="n.a"), "-",H8/Agriculture_FoodSecurity[[#This Row],[2022]]) -> 0.0054869447 | N8: =IF(OR(Agriculture_FoodSecurity[[#This Row],[2023]]="n.a", Agriculture_FoodSecurity[[#This Row],[2023]]=0, Agriculture_FoodSecurity[[#This Row],[2024]]="n.a"), "-",I8/Agriculture_FoodSecurity[[#This Row],[2023]]) -> -0.59984661 | O8: =IF(OR(Agriculture_FoodSecurity[[#This Row],[2024]]="n.a", Agriculture_FoodSecurity[[#This Row],[2024]]=0, Agriculture_FoodSecurity[[#This Row],[2025]]="n.a"), "-",J8/Agriculture_FoodSecurity[[#This Row],[2024]]) -> 1.1682486
A9: Pahang | B9: 1692.82 | C9: 2694.02 | D9: 8807.069 | E9: 4288.7644 | G9: - | H9: =Agriculture_FoodSecurity[[#This Row],[2023]]-Agriculture_FoodSecurity[[#This Row],[2022]] -> 1001.2 | I9: =Agriculture_FoodSecurity[[#This Row],[2024]]-Agriculture_FoodSecurity[[#This Row],[2023]] -> 6113.049 | J9: =Agriculture_FoodSecurity[[#This Row],[2025]]-Agriculture_FoodSecurity[[#This Row],[2024]] -> -4518.3046 | L9: - | M9: =IF(OR(Agriculture_FoodSecurity[[#This Row],[2022]]="n.a", Agriculture_FoodSecurity[[#This Row],[2022]]=0, Agriculture_FoodSecurity[[#This Row],[2023]]="n.a"), "-",H9/Agriculture_FoodSecurity[[#This Row],[2022]]) -> 0.59143914 | N9: =IF(OR(Agriculture_FoodSecurity[[#This Row],[2023]]="n.a", Agriculture_FoodSecurity[[#This Row],[2023]]=0, Agriculture_FoodSecurity[[#This Row],[2024]]="n.a"), "-",I9/Agriculture_FoodSecurity[[#This Row],[2023]]) -> 2.2691179 | O9: =IF(OR(Agriculture_FoodSecurity[[#This Row],[2024]]="n.a", Agriculture_FoodSecurity[[#This Row],[2024]]=0, Agriculture_FoodSecurity[[#This Row],[2025]]="n.a"), "-",J9/Agriculture_FoodSecurity[[#This Row],[2024]]) -> -0.51303159
A10: Pulau Pinang | B10: 74.848 | C10: 99.848 | D10: 63 | E10: 2592.7346 | G10: - | H10: =Agriculture_FoodSecurity[[#This Row],[2023]]-Agriculture_FoodSecurity[[#This Row],[2022]] -> 25 | I10: =Agriculture_FoodSecurity[[#This Row],[2024]]-Agriculture_FoodSecurity[[#This Row],[2023]] -> -36.848 | J10: =Agriculture_FoodSecurity[[#This Row],[2025]]-Agriculture_FoodSecurity[[#This Row],[2024]] -> 2529.7346 | L10: - | M10: =IF(OR(Agriculture_FoodSecurity[[#This Row],[2022]]="n.a", Agriculture_FoodSecurity[[#This Row],[2022]]=0, Agriculture_FoodSecurity[[#This Row],[2023]]="n.a"), "-",H10/Agriculture_FoodSecurity[[#This Row],[2022]]) -> 0.33401026 | N10: =IF(OR(Agriculture_FoodSecurity[[#This Row],[2023]]="n.a", Agriculture_FoodSecurity[[#This Row],[2023]]=0, Agriculture_FoodSecurity[[#This Row],[2024]]="n.a"), "-",I10/Agriculture_FoodSecurity[[#This Row],[2023]]) -> -0.36904094 | O10: =IF(OR(Agriculture_FoodSecurity[[#This Row],[2024]]="n.a", Agriculture_FoodSecurity[[#This Row],[2024]]=0, Agriculture_FoodSecurity[[#This Row],[2025]]="n.a"), "-",J10/Agriculture_FoodSecurity[[#This Row],[2024]]) -> 40.154517
A11: Perak | B11: 767.813 | C11: 767.813 | D11: 312.341 | E11: 4479.075 | G11: - | H11: =Agriculture_FoodSecurity[[#This Row],[2023]]-Agriculture_FoodSecurity[[#This Row],[2022]] -> 0 | I11: =Agriculture_FoodSecurity[[#This Row],[2024]]-Agriculture_FoodSecurity[[#This Row],[2023]] -> -455.472 | J11: =Agriculture_FoodSecurity[[#This Row],[2025]]-Agriculture_FoodSecurity[[#This Row],[2024]] -> 4166.734 | L11: - | M11: =IF(OR(Agriculture_FoodSecurity[[#This Row],[2022]]="n.a", Agriculture_FoodSecurity[[#This Row],[2022]]=0, Agriculture_FoodSecurity[[#This Row],[2023]]="n.a"), "-",H11/Agriculture_FoodSecurity[[#This Row],[2022]]) -> 0 | N11: =IF(OR(Agriculture_FoodSecurity[[#This Row],[2023]]="n.a", Agriculture_FoodSecurity[[#This Row],[2023]]=0, Agriculture_FoodSecurity[[#This Row],[2024]]="n.a"), "-",I11/Agriculture_FoodSecurity[[#This Row],[2023]]) -> -0.59320694 | O11: =IF(OR(Agriculture_FoodSecurity[[#This Row],[2024]]="n.a", Agriculture_FoodSecurity[[#This Row],[2024]]=0, Agriculture_FoodSecurity[[#This Row],[2025]]="n.a"), "-",J11/Agriculture_FoodSecurity[[#This Row],[2024]]) -> 13.340336
A12: Perlis | B12: 0 | C12: 0 | D12: 176.15 | E12: 1221.972 | G12: - | H12: =Agriculture_FoodSecurity[[#This Row],[2023]]-Agriculture_FoodSecurity[[#This Row],[2022]] -> 0 | I12: =Agriculture_FoodSecurity[[#This Row],[2024]]-Agriculture_FoodSecurity[[#This Row],[2023]] -> 176.15 | J12: =Agriculture_FoodSecurity[[#This Row],[2025]]-Agriculture_FoodSecurity[[#This Row],[2024]] -> 1045.822 | L12: - | M12: =IF(OR(Agriculture_FoodSecurity[[#This Row],[2022]]="n.a", Agriculture_FoodSecurity[[#This Row],[2022]]=0, Agriculture_FoodSecurity[[#This Row],[2023]]="n.a"), "-",H12/Agriculture_FoodSecurity[[#This Row],[2022]]) -> - | N12: =IF(OR(Agriculture_FoodSecurity[[#This Row],[2023]]="n.a", Agriculture_FoodSecurity[[#This Row],[2023]]=0, Agriculture_FoodSecurity[[#This Row],[2024]]="n.a"), "-",I12/Agriculture_FoodSecurity[[#This Row],[2023]]) -> - | O12: =IF(OR(Agriculture_FoodSecurity[[#This Row],[2024]]="n.a", Agriculture_FoodSecurity[[#This Row],[2024]]=0, Agriculture_FoodSecurity[[#This Row],[2025]]="n.a"), "-",J12/Agriculture_FoodSecurity[[#This Row],[2024]]) -> 5.9371104
A13: Selangor | B13: 3144.604 | C13: 3284.383 | D13: 1870.158 | E13: 9582.0305 | G13: - | H13: =Agriculture_FoodSecurity[[#This Row],[2023]]-Agriculture_FoodSecurity[[#This Row],[2022]] -> 139.779 | I13: =Agriculture_FoodSecurity[[#This Row],[2024]]-Agriculture_FoodSecurity[[#This Row],[2023]] -> -1414.225 | J13: =Agriculture_FoodSecurity[[#This Row],[2025]]-Agriculture_FoodSecurity[[#This Row],[2024]] -> 7711.8725 | L13: - | M13: =IF(OR(Agriculture_FoodSecurity[[#This Row],[2022]]="n.a", Agriculture_FoodSecurity[[#This Row],[2022]]=0, Agriculture_FoodSecurity[[#This Row],[2023]]="n.a"), "-",H13/Agriculture_FoodSecurity[[#This Row],[2022]]) -> 0.04445043 | N13: =IF(OR(Agriculture_FoodSecurity[[#This Row],[2023]]="n.a", Agriculture_FoodSecurity[[#This Row],[2023]]=0, Agriculture_FoodSecurity[[#This Row],[2024]]="n.a"), "-",I13/Agriculture_FoodSecurity[[#This Row],[2023]]) -> -0.43059077 | O13: =IF(OR(Agriculture_FoodSecurity[[#This Row],[2024]]="n.a", Agriculture_FoodSecurity[[#This Row],[2024]]=0, Agriculture_FoodSecurity[[#This Row],[2025]]="n.a"), "-",J13/Agriculture_FoodSecurity[[#This Row],[2024]]) -> 4.1236476
A14: Terengganu | B14: 79022.299 | C14: 31186.999 | D14: 6132.1365 | E14: 1012.36 | G14: - | H14: =Agriculture_FoodSecurity[[#This Row],[2023]]-Agriculture_FoodSecurity[[#This Row],[2022]] -> -47835.3 | I14: =Agriculture_FoodSecurity[[#This Row],[2024]]-Agriculture_FoodSecurity[[#This Row],[2023]] -> -25054.862 | J14: =Agriculture_FoodSecurity[[#This Row],[2025]]-Agriculture_FoodSecurity[[#This Row],[2024]] -> -5119.7765 | L14: - | M14: =IF(OR(Agriculture_FoodSecurity[[#This Row],[2022]]="n.a", Agriculture_FoodSecurity[[#This Row],[2022]]=0, Agriculture_FoodSecurity[[#This Row],[2023]]="n.a"), "-",H14/Agriculture_FoodSecurity[[#This Row],[2022]]) -> -0.60533926 | N14: =IF(OR(Agriculture_FoodSecurity[[#This Row],[2023]]="n.a", Agriculture_FoodSecurity[[#This Row],[2023]]=0, Agriculture_FoodSecurity[[#This Row],[2024]]="n.a"), "-",I14/Agriculture_FoodSecurity[[#This Row],[2023]]) -> -0.80337523 | O14: =IF(OR(Agriculture_FoodSecurity[[#This Row],[2024]]="n.a", Agriculture_FoodSecurity[[#This Row],[2024]]=0, Agriculture_FoodSecurity[[#This Row],[2025]]="n.a"), "-",J14/Agriculture_FoodSecurity[[#This Row],[2024]]) -> -0.83490909
... A16: Sarawak | B16: 98.5 | C16: 98.5 | D16: 453.222 | E16: 94 | G16: - | H16: =Agriculture_FoodSecurity[[#This Row],[2023]]-Agriculture_FoodSecurity[[#This Row],[2022]] -> 0 | I16: =Agriculture_FoodSecurity[[#This Row],[2024]]-Agriculture_FoodSecurity[[#This Row],[2023]] -> 354.722 | J16: =Agriculture_FoodSecurity[[#This Row],[2025]]-Agriculture_FoodSecurity[[#This Row],[2024]] -> -359.222 | L16: - | M16: =IF(OR(Agriculture_FoodSecurity[[#This Row],[2022]]="n.a", Agriculture_FoodSecurity[[#This Row],[2022]]=0, Agriculture_FoodSecurity[[#This Row],[2023]]="n.a"), "-",H16/Agriculture_FoodSecurity[[#This Row],[2022]]) -> 0 | N16: =IF(OR(Agriculture_FoodSecurity[[#This Row],[2023]]="n.a", Agriculture_FoodSecurity[[#This Row],[2023]]=0, Agriculture_FoodSecurity[[#This Row],[2024]]="n.a"), "-",I16/Agriculture_FoodSecurity[[#This Row],[2023]]) -> 3.6012386 | O16: =IF(OR(Agriculture_FoodSecurity[[#This Row],[2024]]="n.a", Agriculture_FoodSecurity[[#This Row],[2024]]=0, Agriculture_FoodSecurity[[#This Row],[2025]]="n.a"), "-",J16/Agriculture_FoodSecurity[[#This Row],[2024]]) -> -0.79259612
A19: State | B19: Plantation and Commodities (RM '000) | G19: Movement | L19: % YoY
A20: Year | B20: 2022 | C20: 2023 | D20: 2024 | E20: 2025 | G20: 2022 | H20: 2023 | I20: 2024 | J20: 2025 | L20: 2022 | M20: 2023 | N20: 2024 | O20: 2025
A21: Malaysia | B21: n.a | C21: 1124.7001 | D21: 22598.02 | E21: 72.148 | G21: - | H21: =IF(OR(Plantation_Commodity[[#This Row],[2023]]="n.a",Plantation_Commodity[[#This Row],[2022]]="n.a"),"-",Plantation_Commodity[[#This Row],[2023]]-Plantation_Commodity[[#This Row],[2022]]) -> - | I21: =IF(OR(Plantation_Commodity[[#This Row],[2024]]="n.a",Plantation_Commodity[[#This Row],[2023]]="n.a"),"-",Plantation_Commodity[[#This Row],[2024]]-Plantation_Commodity[[#This Row],[2023]]) -> 21473.32 | J21: =IF(OR(Plantation_Commodity[[#This Row],[2025]]="n.a",Plantation_Commodity[[#This Row],[2024]]="n.a"),"-",Plantation_Commodity[[#This Row],[2025]]-Plantation_Commodity[[#This Row],[2024]]) -> -22525.872 | L21: - | M21: =IF(OR(Plantation_Commodity[[#This Row],[2022]]="n.a", Plantation_Commodity[[#This Row],[2022]]=0, Plantation_Commodity[[#This Row],[2023]]="n.a"), "-",H21/Plantation_Commodity[[#This Row],[2022]]) -> - | N21: =IF(OR(Plantation_Commodity[[#This Row],[2023]]="n.a", Plantation_Commodity[[#This Row],[2023]]=0, Plantation_Commodity[[#This Row],[2024]]="n.a"), "-",I21/Plantation_Commodity[[#This Row],[2023]]) -> 19.092485 | O21: =IF(OR(Plantation_Commodity[[#This Row],[2024]]="n.a", Plantation_Commodity[[#This Row],[2024]]=0, Plantation_Commodity[[#This Row],[2025]]="n.a"), "-",J21/Plantation_Commodity[[#This Row],[2024]]) -> -0.99680733
A22: Johor | B22: n.a | C22: 42.43 | D22: 3.07512 | E22: 0 | G22: - | H22: =IF(OR(Plantation_Commodity[[#This Row],[2023]]="n.a",Plantation_Commodity[[#This Row],[2022]]="n.a"),"-",Plantation_Commodity[[#This Row],[2023]]-Plantation_Commodity[[#This Row],[2022]]) -> - | I22: =IF(OR(Plantation_Commodity[[#This Row],[2024]]="n.a",Plantation_Commodity[[#This Row],[2023]]="n.a"),"-",Plantation_Commodity[[#This Row],[2024]]-Plantation_Commodity[[#This Row],[2023]]) -> -39.35488 | J22: =IF(OR(Plantation_Commodity[[#This Row],[2025]]="n.a",Plantation_Commodity[[#This Row],[2024]]="n.a"),"-",Plantation_Commodity[[#This Row],[2025]]-Plantation_Commodity[[#This Row],[2024]]) -> -3.07512 | L22: - | M22: =IF(OR(Plantation_Commodity[[#This Row],[2022]]="n.a", Plantation_Commodity[[#This Row],[2022]]=0, Plantation_Commodity[[#This Row],[2023]]="n.a"), "-",H22/Plantation_Commodity[[#This Row],[2022]]) -> - | N22: =IF(OR(Plantation_Commodity[[#This Row],[2023]]="n.a", Plantation_Commodity[[#This Row],[2023]]=0, Plantation_Commodity[[#This Row],[2024]]="n.a"), "-",I22/Plantation_Commodity[[#This Row],[2023]]) -> -0.92752486 | O22: =IF(OR(Plantation_Commodity[[#This Row],[2024]]="n.a", Plantation_Commodity[[#This Row],[2024]]=0, Plantation_Commodity[[#This Row],[2025]]="n.a"), "-",J22/Plantation_Commodity[[#This Row],[2024]]) -> -1
A23: Kedah | B23: n.a | C23: 0 | D23: 0 | E23: 0 | G23: - | H23: =IF(OR(Plantation_Commodity[[#This Row],[2023]]="n.a",Plantation_Commodity[[#This Row],[2022]]="n.a"),"-",Plantation_Commodity[[#This Row],[2023]]-Plantation_Commodity[[#This Row],[2022]]) -> - | I23: =IF(OR(Plantation_Commodity[[#This Row],[2024]]="n.a",Plantation_Commodity[[#This Row],[2023]]="n.a"),"-",Plantation_Commodity[[#This Row],[2024]]-Plantation_Commodity[[#This Row],[2023]]) -> 0 | J23: =IF(OR(Plantation_Commodity[[#This Row],[2025]]="n.a",Plantation_Commodity[[#This Row],[2024]]="n.a"),"-",Plantation_Commodity[[#This Row],[2025]]-Plantation_Commodity[[#This Row],[2024]]) -> 0 | L23: - | M23: =IF(OR(Plantation_Commodity[[#This Row],[2022]]="n.a", Plantation_Commodity[[#This Row],[2022]]=0, Plantation_Commodity[[#This Row],[2023]]="n.a"), "-",H23/Plantation_Commodity[[#This Row],[2022]]) -> - | N23: =IF(OR(Plantation_Commodity[[#This Row],[2023]]="n.a", Plantation_Commodity[[#This Row],[2023]]=0, Plantation_Commodity[[#This Row],[2024]]="n.a"), "-",I23/Plantation_Commodity[[#This Row],[2023]]) -> - | O23: =IF(OR(Plantation_Commodity[[#This Row],[2024]]="n.a", Plantation_Commodity[[#This Row],[2024]]=0, Plantation_Commodity[[#This Row],[2025]]="n.a"), "-",J23/Plantation_Commodity[[#This Row],[2024]]) -> -
A24: Kelantan | B24: n.a | C24: 22.4 | D24: 21344.106 | E24: 0 | G24: - | H24: =IF(OR(Plantation_Commodity[[#This Row],[2023]]="n.a",Plantation_Commodity[[#This Row],[2022]]="n.a"),"-",Plantation_Commodity[[#This Row],[2023]]-Plantation_Commodity[[#This Row],[2022]]) -> - | I24: =IF(OR(Plantation_Commodity[[#This Row],[2024]]="n.a",Plantation_Commodity[[#This Row],[2023]]="n.a"),"-",Plantation_Commodity[[#This Row],[2024]]-Plantation_Commodity[[#This Row],[2023]]) -> 21321.706 | J24: =IF(OR(Plantation_Commodity[[#This Row],[2025]]="n.a",Plantation_Commodity[[#This Row],[2024]]="n.a"),"-",Plantation_Commodity[[#This Row],[2025]]-Plantation_Commodity[[#This Row],[2024]]) -> -21344.106 | L24: - | M24: =IF(OR(Plantation_Commodity[[#This Row],[2022]]="n.a", Plantation_Commodity[[#This Row],[2022]]=0, Plantation_Commodity[[#This Row],[2023]]="n.a"), "-",H24/Plantation_Commodity[[#This Row],[2022]]) -> - | N24: =IF(OR(Plantation_Commodity[[#This Row],[2023]]="n.a", Plantation_Commodity[[#This Row],[2023]]=0, Plantation_Commodity[[#This Row],[2024]]="n.a"), "-",I24/Plantation_Commodity[[#This Row],[2023]]) -> 951.86189 | O24: =IF(OR(Plantation_Commodity[[#This Row],[2024]]="n.a", Plantation_Commodity[[#This Row],[2024]]=0, Plantation_Commodity[[#This Row],[2025]]="n.a"), "-",J24/Plantation_Commodity[[#This Row],[2024]]) -> -1
A25: Melaka | B25: n.a | C25: 1.3 | D25: 0 | E25: 0 | G25: - | H25: =IF(OR(Plantation_Commodity[[#This Row],[2023]]="n.a",Plantation_Commodity[[#This Row],[2022]]="n.a"),"-",Plantation_Commodity[[#This Row],[2023]]-Plantation_Commodity[[#This Row],[2022]]) -> - | I25: =IF(OR(Plantation_Commodity[[#This Row],[2024]]="n.a",Plantation_Commodity[[#This Row],[2023]]="n.a"),"-",Plantation_Commodity[[#This Row],[2024]]-Plantation_Commodity[[#This Row],[2023]]) -> -1.3 | J25: =IF(OR(Plantation_Commodity[[#This Row],[2025]]="n.a",Plantation_Commodity[[#This Row],[2024]]="n.a"),"-",Plantation_Commodity[[#This Row],[2025]]-Plantation_Commodity[[#This Row],[2024]]) -> 0 | L25: - | M25: =IF(OR(Plantation_Commodity[[#This Row],[2022]]="n.a", Plantation_Commodity[[#This Row],[2022]]=0, Plantation_Commodity[[#This Row],[2023]]="n.a"), "-",H25/Plantation_Commodity[[#This Row],[2022]]) -> - | N25: =IF(OR(Plantation_Commodity[[#This Row],[2023]]="n.a", Plantation_Commodity[[#This Row],[2023]]=0, Plantation_Commodity[[#This Row],[2024]]="n.a"), "-",I25/Plantation_Commodity[[#This Row],[2023]]) -> -1 | O25: =IF(OR(Plantation_Commodity[[#This Row],[2024]]="n.a", Plantation_Commodity[[#This Row],[2024]]=0, Plantation_Commodity[[#This Row],[2025]]="n.a"), "-",J25/Plantation_Commodity[[#This Row],[2024]]) -> -
A26: Negeri Sembilan | B26: n.a | C26: 0 | D26: 0 | E26: 0 | G26: - | H26: =IF(OR(Plantation_Commodity[[#This Row],[2023]]="n.a",Plantation_Commodity[[#This Row],[2022]]="n.a"),"-",Plantation_Commodity[[#This Row],[2023]]-Plantation_Commodity[[#This Row],[2022]]) -> - | I26: =IF(OR(Plantation_Commodity[[#This Row],[2024]]="n.a",Plantation_Commodity[[#This Row],[2023]]="n.a"),"-",Plantation_Commodity[[#This Row],[2024]]-Plantation_Commodity[[#This Row],[2023]]) -> 0 | J26: =IF(OR(Plantation_Commodity[[#This Row],[2025]]="n.a",Plantation_Commodity[[#This Row],[2024]]="n.a"),"-",Plantation_Commodity[[#This Row],[2025]]-Plantation_Commodity[[#This Row],[2024]]) -> 0 | L26: - | M26: =IF(OR(Plantation_Commodity[[#This Row],[2022]]="n.a", Plantation_Commodity[[#This Row],[2022]]=0, Plantation_Commodity[[#This Row],[2023]]="n.a"), "-",H26/Plantation_Commodity[[#This Row],[2022]]) -> - | N26: =IF(OR(Plantation_Commodity[[#This Row],[2023]]="n.a", Plantation_Commodity[[#This Row],[2023]]=0, Plantation_Commodity[[#This Row],[2024]]="n.a"), "-",I26/Plantation_Commodity[[#This Row],[2023]]) -> - | O26: =IF(OR(Plantation_Commodity[[#This Row],[2024]]="n.a", Plantation_Commodity[[#This Row],[2024]]=0, Plantation_Commodity[[#This Row],[2025]]="n.a"), "-",J26/Plantation_Commodity[[#This Row],[2024]]) -> -
A27: Pahang | B27: n.a | C27: 675.4 | D27: 0 | E27: 0 | G27: - | H27: =IF(OR(Plantation_Commodity[[#This Row],[2023]]="n.a",Plantation_Commodity[[#This Row],[2022]]="n.a"),"-",Plantation_Commodity[[#This Row],[2023]]-Plantation_Commodity[[#This Row],[2022]]) -> - | I27: =IF(OR(Plantation_Commodity[[#This Row],[2024]]="n.a",Plantation_Commodity[[#This Row],[2023]]="n.a"),"-",Plantation_Commodity[[#This Row],[2024]]-Plantation_Commodity[[#This Row],[2023]]) -> -675.4 | J27: =IF(OR(Plantation_Commodity[[#This Row],[2025]]="n.a",Plantation_Commodity[[#This Row],[2024]]="n.a"),"-",Plantation_Commodity[[#This Row],[2025]]-Plantation_Commodity[[#This Row],[2024]]) -> 0 | L27: - | M27: =IF(OR(Plantation_Commodity[[#This Row],[2022]]="n.a", Plantation_Commodity[[#This Row],[2022]]=0, Plantation_Commodity[[#This Row],[2023]]="n.a"), "-",H27/Plantation_Commodity[[#This Row],[2022]]) -> - | N27: =IF(OR(Plantation_Commodity[[#This Row],[2023]]="n.a", Plantation_Commodity[[#This Row],[2023]]=0, Plantation_Commodity[[#This Row],[2024]]="n.a"), "-",I27/Plantation_Commodity[[#This Row],[2023]]) -> -1 | O27: =IF(OR(Plantation_Commodity[[#This Row],[2024]]="n.a", Plantation_Commodity[[#This Row],[2024]]=0, Plantation_Commodity[[#This Row],[2025]]="n.a"), "-",J27/Plantation_Commodity[[#This Row],[2024]]) -> -
A28: Pulau Pinang | B28: n.a | C28: 0 | D28: 0 | E28: 0 | G28: - | H28: =IF(OR(Plantation_Commodity[[#This Row],[2023]]="n.a",Plantation_Commodity[[#This Row],[2022]]="n.a"),"-",Plantation_Commodity[[#This Row],[2023]]-Plantation_Commodity[[#This Row],[2022]]) -> - | I28: =IF(OR(Plantation_Commodity[[#This Row],[2024]]="n.a",Plantation_Commodity[[#This Row],[2023]]="n.a"),"-",Plantation_Commodity[[#This Row],[2024]]-Plantation_Commodity[[#This Row],[2023]]) -> 0 | J28: =IF(OR(Plantation_Commodity[[#This Row],[2025]]="n.a",Plantation_Commodity[[#This Row],[2024]]="n.a"),"-",Plantation_Commodity[[#This Row],[2025]]-Plantation_Commodity[[#This Row],[2024]]) -> 0 | L28: - | M28: =IF(OR(Plantation_Commodity[[#This Row],[2022]]="n.a", Plantation_Commodity[[#This Row],[2022]]=0, Plantation_Commodity[[#This Row],[2023]]="n.a"), "-",H28/Plantation_Commodity[[#This Row],[2022]]) -> - | N28: =IF(OR(Plantation_Commodity[[#This Row],[2023]]="n.a", Plantation_Commodity[[#This Row],[2023]]=0, Plantation_Commodity[[#This Row],[2024]]="n.a"), "-",I28/Plantation_Commodity[[#This Row],[2023]]) -> - | O28: =IF(OR(Plantation_Commodity[[#This Row],[2024]]="n.a", Plantation_Commodity[[#This Row],[2024]]=0, Plantation_Commodity[[#This Row],[2025]]="n.a"), "-",J28/Plantation_Commodity[[#This Row],[2024]]) -> -
A29: Perak | B29: n.a | C29: 0 | D29: 0 | E29: 0 | G29: - | H29: =IF(OR(Plantation_Commodity[[#This Row],[2023]]="n.a",Plantation_Commodity[[#This Row],[2022]]="n.a"),"-",Plantation_Commodity[[#This Row],[2023]]-Plantation_Commodity[[#This Row],[2022]]) -> - | I29: =IF(OR(Plantation_Commodity[[#This Row],[2024]]="n.a",Plantation_Commodity[[#This Row],[2023]]="n.a"),"-",Plantation_Commodity[[#This Row],[2024]]-Plantation_Commodity[[#This Row],[2023]]) -> 0 | J29: =IF(OR(Plantation_Commodity[[#This Row],[2025]]="n.a",Plantation_Commodity[[#This Row],[2024]]="n.a"),"-",Plantation_Commodity[[#This Row],[2025]]-Plantation_Commodity[[#This Row],[2024]]) -> 0 | L29: - | M29: =IF(OR(Plantation_Commodity[[#This Row],[2022]]="n.a", Plantation_Commodity[[#This Row],[2022]]=0, Plantation_Commodity[[#This Row],[2023]]="n.a"), "-",H29/Plantation_Commodity[[#This Row],[2022]]) -> - | N29: =IF(OR(Plantation_Commodity[[#This Row],[2023]]="n.a", Plantation_Commodity[[#This Row],[2023]]=0, Plantation_Commodity[[#This Row],[2024]]="n.a"), "-",I29/Plantation_Commodity[[#This Row],[2023]]) -> - | O29: =IF(OR(Plantation_Commodity[[#This Row],[2024]]="n.a", Plantation_Commodity[[#This Row],[2024]]=0, Plantation_Commodity[[#This Row],[2025]]="n.a"), "-",J29/Plantation_Commodity[[#This Row],[2024]]) -> -
A30: Perlis | B30: n.a | C30: 0 | D30: 0 | E30: 0 | G30: - | H30: =IF(OR(Plantation_Commodity[[#This Row],[2023]]="n.a",Plantation_Commodity[[#This Row],[2022]]="n.a"),"-",Plantation_Commodity[[#This Row],[2023]]-Plantation_Commodity[[#This Row],[2022]]) -> - | I30: =IF(OR(Plantation_Commodity[[#This Row],[2024]]="n.a",Plantation_Commodity[[#This Row],[2023]]="n.a"),"-",Plantation_Commodity[[#This Row],[2024]]-Plantation_Commodity[[#This Row],[2023]]) -> 0 | J30: =IF(OR(Plantation_Commodity[[#This Row],[2025]]="n.a",Plantation_Commodity[[#This Row],[2024]]="n.a"),"-",Plantation_Commodity[[#This Row],[2025]]-Plantation_Commodity[[#This Row],[2024]]) -> 0 | L30: - | M30: =IF(OR(Plantation_Commodity[[#This Row],[2022]]="n.a", Plantation_Commodity[[#This Row],[2022]]=0, Plantation_Commodity[[#This Row],[2023]]="n.a"), "-",H30/Plantation_Commodity[[#This Row],[2022]]) -> - | N30: =IF(OR(Plantation_Commodity[[#This Row],[2023]]="n.a", Plantation_Commodity[[#This Row],[2023]]=0, Plantation_Commodity[[#This Row],[2024]]="n.a"), "-",I30/Plantation_Commodity[[#This Row],[2023]]) -> - | O30: =IF(OR(Plantation_Commodity[[#This Row],[2024]]="n.a", Plantation_Commodity[[#This Row],[2024]]=0, Plantation_Commodity[[#This Row],[2025]]="n.a"), "-",J30/Plantation_Commodity[[#This Row],[2024]]) -> -
A31: Selangor | B31: n.a | C31: 0 | D31: 17.32266 | E31: 0 | G31: - | H31: =IF(OR(Plantation_Commodity[[#This Row],[2023]]="n.a",Plantation_Commodity[[#This Row],[2022]]="n.a"),"-",Plantation_Commodity[[#This Row],[2023]]-Plantation_Commodity[[#This Row],[2022]]) -> - | I31: =IF(OR(Plantation_Commodity[[#This Row],[2024]]="n.a",Plantation_Commodity[[#This Row],[2023]]="n.a"),"-",Plantation_Commodity[[#This Row],[2024]]-Plantation_Commodity[[#This Row],[2023]]) -> 17.32266 | J31: =IF(OR(Plantation_Commodity[[#This Row],[2025]]="n.a",Plantation_Commodity[[#This Row],[2024]]="n.a"),"-",Plantation_Commodity[[#This Row],[2025]]-Plantation_Commodity[[#This Row],[2024]]) -> -17.32266 | L31: - | M31: =IF(OR(Plantation_Commodity[[#This Row],[2022]]="n.a", Plantation_Commodity[[#This Row],[2022]]=0, Plantation_Commodity[[#This Row],[2023]]="n.a"), "-",H31/Plantation_Commodity[[#This Row],[2022]]) -> - | N31: =IF(OR(Plantation_Commodity[[#This Row],[2023]]="n.a", Plantation_Commodity[[#This Row],[2023]]=0, Plantation_Commodity[[#This Row],[2024]]="n.a"), "-",I31/Plantation_Commodity[[#This Row],[2023]]) -> - | O31: =IF(OR(Plantation_Commodity[[#This Row],[2024]]="n.a", Plantation_Commodity[[#This Row],[2024]]=0, Plantation_Commodity[[#This Row],[2025]]="n.a"), "-",J31/Plantation_Commodity[[#This Row],[2024]]) -> -1
A32: Terengganu | B32: n.a | C32: 94.64011 | D32: 529.08199 | E32: 0 | G32: - | H32: =IF(OR(Plantation_Commodity[[#This Row],[2023]]="n.a",Plantation_Commodity[[#This Row],[2022]]="n.a"),"-",Plantation_Commodity[[#This Row],[2023]]-Plantation_Commodity[[#This Row],[2022]]) -> - | I32: =IF(OR(Plantation_Commodity[[#This Row],[2024]]="n.a",Plantation_Commodity[[#This Row],[2023]]="n.a"),"-",Plantation_Commodity[[#This Row],[2024]]-Plantation_Commodity[[#This Row],[2023]]) -> 434.44188 | J32: =IF(OR(Plantation_Commodity[[#This Row],[2025]]="n.a",Plantation_Commodity[[#This Row],[2024]]="n.a"),"-",Plantation_Commodity[[#This Row],[2025]]-Plantation_Commodity[[#This Row],[2024]]) -> -529.08199 | L32: - | M32: =IF(OR(Plantation_Commodity[[#This Row],[2022]]="n.a", Plantation_Commodity[[#This Row],[2022]]=0, Plantation_Commodity[[#This Row],[2023]]="n.a"), "-",H32/Plantation_Commodity[[#This Row],[2022]]) -> - | N32: =IF(OR(Plantation_Commodity[[#This Row],[2023]]="n.a", Plantation_Commodity[[#This Row],[2023]]=0, Plantation_Commodity[[#This Row],[2024]]="n.a"), "-",I32/Plantation_Commodity[[#This Row],[2023]]) -> 4.5904626 | O32: =IF(OR(Plantation_Commodity[[#This Row],[2024]]="n.a", Plantation_Commodity[[#This Row],[2024]]=0, Plantation_Commodity[[#This Row],[2025]]="n.a"), "-",J32/Plantation_Commodity[[#This Row],[2024]]) -> -1
... A34: Sarawak | B34: n.a | C34: 98.28 | D34: 65.184 | E34: 69 | G34: - | H34: =IF(OR(Plantation_Commodity[[#This Row],[2023]]="n.a",Plantation_Commodity[[#This Row],[2022]]="n.a"),"-",Plantation_Commodity[[#This Row],[2023]]-Plantation_Commodity[[#This Row],[2022]]) -> - | I34: =IF(OR(Plantation_Commodity[[#This Row],[2024]]="n.a",Plantation_Commodity[[#This Row],[2023]]="n.a"),"-",Plantation_Commodity[[#This Row],[2024]]-Plantation_Commodity[[#This Row],[2023]]) -> -33.096 | J34: =IF(OR(Plantation_Commodity[[#This Row],[2025]]="n.a",Plantation_Commodity[[#This Row],[2024]]="n.a"),"-",Plantation_Commodity[[#This Row],[2025]]-Plantation_Commodity[[#This Row],[2024]]) -> 3.816 | L34: - | M34: =IF(OR(Plantation_Commodity[[#This Row],[2022]]="n.a", Plantation_Commodity[[#This Row],[2022]]=0, Plantation_Commodity[[#This Row],[2023]]="n.a"), "-",H34/Plantation_Commodity[[#This Row],[2022]]) -> - | N34: =IF(OR(Plantation_Commodity[[#This Row],[2023]]="n.a", Plantation_Commodity[[#This Row],[2023]]=0, Plantation_Commodity[[#This Row],[2024]]="n.a"), "-",I34/Plantation_Commodity[[#This Row],[2023]]) -> -0.33675214 | O34: =IF(OR(Plantation_Commodity[[#This Row],[2024]]="n.a", Plantation_Commodity[[#This Row],[2024]]=0, Plantation_Commodity[[#This Row],[2025]]="n.a"), "-",J34/Plantation_Commodity[[#This Row],[2024]]) -> 0.058541973
A36: Year | B36: 2022 | C36: 2023 | D36: 2024 | E36: 2025
A37: Malaysia | B37: =IF(OR(B21="n.a",B21=0),NA(),B21) -> #N/A | C37: =IF(OR(C21="n.a",C21=0),NA(),C21) -> 1124.7001 | D37: =IF(OR(D21="n.a",D21=0),NA(),D21) -> 22598.02 | E37: =IF(OR(E21="n.a",E21=0),NA(),E21) -> 72.148
A38: Johor | B38: =IF(OR(B22="n.a",B22=0),NA(),B22) -> #N/A | C38: =IF(OR(C22="n.a",C22=0),NA(),C22) -> 42.43 | D38: =IF(OR(D22="n.a",D22=0),NA(),D22) -> 3.07512 | E38: =IF(OR(E22="n.a",E22=0),NA(),E22) -> #N/A
A39: Kedah | B39: =IF(OR(B23="n.a",B23=0),NA(),B23) -> #N/A | C39: =IF(OR(C23="n.a",C23=0),NA(),C23) -> #N/A | D39: =IF(OR(D23="n.a",D23=0),NA(),D23) -> #N/A | E39: =IF(OR(E23="n.a",E23=0),NA(),E23) -> #N/A
A40: Kelantan | B40: =IF(OR(B24="n.a",B24=0),NA(),B24) -> #N/A | C40: =IF(OR(C24="n.a",C24=0),NA(),C24) -> 22.4 | D40: =IF(OR(D24="n.a",D24=0),NA(),D24) -> 21344.106 | E40: =IF(OR(E24="n.a",E24=0),NA(),E24) -> #N/A
A41: Melaka | B41: =IF(OR(B25="n.a",B25=0),NA(),B25) -> #N/A | C41: =IF(OR(C25="n.a",C25=0),NA(),C25) -> 1.3 | D41: =IF(OR(D25="n.a",D25=0),NA(),D25) -> #N/A | E41: =IF(OR(E25="n.a",E25=0),NA(),E25) -> #N/A
A42: Negeri Sembilan | B42: =IF(OR(B26="n.a",B26=0),NA(),B26) -> #N/A | C42: =IF(OR(C26="n.a",C26=0),NA(),C26) -> #N/A | D42: =IF(OR(D26="n.a",D26=0),NA(),D26) -> #N/A | E42: =IF(OR(E26="n.a",E26=0),NA(),E26) -> #N/A
A43: Pahang | B43: =IF(OR(B27="n.a",B27=0),NA(),B27) -> #N/A | C43: =IF(OR(C27="n.a",C27=0),NA(),C27) -> 675.4 | D43: =IF(OR(D27="n.a",D27=0),NA(),D27) -> #N/A | E43: =IF(OR(E27="n.a",E27=0),NA(),E27) -> #N/A
A44: Pulau Pinang | B44: =IF(OR(B28="n.a",B28=0),NA(),B28) -> #N/A | C44: =IF(OR(C28="n.a",C28=0),NA(),C28) -> #N/A | D44: =IF(OR(D28="n.a",D28=0),NA(),D28) -> #N/A | E44: =IF(OR(E28="n.a",E28=0),NA(),E28) -> #N/A
A45: Perak | B45: =IF(OR(B29="n.a",B29=0),NA(),B29) -> #N/A | C45: =IF(OR(C29="n.a",C29=0),NA(),C29) -> #N/A | D45: =IF(OR(D29="n.a",D29=0),NA(),D29) -> #N/A | E45: =IF(OR(E29="n.a",E29=0),NA(),E29) -> #N/A
A46: Perlis | B46: =IF(OR(B30="n.a",B30=0),NA(),B30) -> #N/A | C46: =IF(OR(C30="n.a",C30=0),NA(),C30) -> #N/A | D46: =IF(OR(D30="n.a",D30=0),NA(),D30) -> #N/A | E46: =IF(OR(E30="n.a",E30=0),NA(),E30) -> #N/A
A47: Selangor | B47: =IF(OR(B31="n.a",B31=0),NA(),B31) -> #N/A | C47: =IF(OR(C31="n.a",C31=0),NA(),C31) -> #N/A | D47: =IF(OR(D31="n.a",D31=0),NA(),D31) -> 17.32266 | E47: =IF(OR(E31="n.a",E31=0),NA(),E31) -> #N/A
A48: Terengganu | B48: =IF(OR(B32="n.a",B32=0),NA(),B32) -> #N/A | C48: =IF(OR(C32="n.a",C32=0),NA(),C32) -> 94.64011 | D48: =IF(OR(D32="n.a",D32=0),NA(),D32) -> 529.08199 | E48: =IF(OR(E32="n.a",E32=0),NA(),E32) -> #N/A
... A50: Sarawak | B50: =IF(OR(B34="n.a",B34=0),NA(),B34) -> #N/A | C50: =IF(OR(C34="n.a",C34=0),NA(),C34) -> 98.28 | D50: =IF(OR(D34="n.a",D34=0),NA(),D34) -> 65.184 | E50: =IF(OR(E34="n.a",E34=0),NA(),E34) -> 69

Sheet Agriculture By Category
A1: Negeri State | B1: (A) Padi Paddy (RM '000) | G1: Movement | L1: % change YoY
A2: Year | B2: 2022 | C2: 2023 | D2: 2024 | E2: 2025 | G2: 2022 | H2: 2023 | I2: 2024 | J2: 2025 | L2: 2022 | M2: 2023 | N2: 2024 | O2: 2025
A3: Malaysia | B3: 81403.955 | C3: 59701.604 | D3: 127848.02 | E3: 0 | G3: - | H3: =IF(OR(Paddy[[#This Row],[2023]]="n.a",Paddy[[#This Row],[2022]]="n.a"),"-",Paddy[[#This Row],[2023]]-Paddy[[#This Row],[2022]]) -> -21702.351 | I3: =IF(OR(Paddy[[#This Row],[2024]]="n.a",Paddy[[#This Row],[2023]]="n.a"),"-",Paddy[[#This Row],[2024]]-Paddy[[#This Row],[2023]]) -> 68146.416 | J3: =IF(OR(Paddy[[#This Row],[2025]]="n.a",Paddy[[#This Row],[2024]]="n.a"),"-",Paddy[[#This Row],[2025]]-Paddy[[#This Row],[2024]]) -> -127848.02 | L3: - | M3: =IF(OR(Paddy[[#This Row],[2022]]="n.a", Paddy[[#This Row],[2022]]=0, Paddy[[#This Row],[2023]]="n.a"), "-",H3/Paddy[[#This Row],[2022]]) -> -0.2666007 | N3: =IF(OR(Paddy[[#This Row],[2023]]="n.a", Paddy[[#This Row],[2023]]=0, Paddy[[#This Row],[2024]]="n.a"), "-",I3/Paddy[[#This Row],[2023]]) -> 1.1414503 | O3: =IF(OR(Paddy[[#This Row],[2024]]="n.a", Paddy[[#This Row],[2024]]=0, Paddy[[#This Row],[2025]]="n.a"), "-",J3/Paddy[[#This Row],[2024]]) -> -1
A4: Johor | B4: 16 | C4: n.a | D4: 0 | E4: 0 | G4: - | H4: =IF(OR(Paddy[[#This Row],[2023]]="n.a",Paddy[[#This Row],[2022]]="n.a"),"-",Paddy[[#This Row],[2023]]-Paddy[[#This Row],[2022]]) -> - | I4: =IF(OR(Paddy[[#This Row],[2024]]="n.a",Paddy[[#This Row],[2023]]="n.a"),"-",Paddy[[#This Row],[2024]]-Paddy[[#This Row],[2023]]) -> - | J4: =IF(OR(Paddy[[#This Row],[2025]]="n.a",Paddy[[#This Row],[2024]]="n.a"),"-",Paddy[[#This Row],[2025]]-Paddy[[#This Row],[2024]]) -> 0 | L4: - | M4: =IF(OR(Paddy[[#This Row],[2022]]="n.a", Paddy[[#This Row],[2022]]=0, Paddy[[#This Row],[2023]]="n.a"), "-",H4/Paddy[[#This Row],[2022]]) -> - | N4: =IF(OR(Paddy[[#This Row],[2023]]="n.a", Paddy[[#This Row],[2023]]=0, Paddy[[#This Row],[2024]]="n.a"), "-",I4/Paddy[[#This Row],[2023]]) -> - | O4: =IF(OR(Paddy[[#This Row],[2024]]="n.a", Paddy[[#This Row],[2024]]=0, Paddy[[#This Row],[2025]]="n.a"), "-",J4/Paddy[[#This Row],[2024]]) -> -
A5: Kedah | B5: 305.9 | C5: n.a | D5: 117473.69 | E5: 0 | G5: - | H5: =IF(OR(Paddy[[#This Row],[2023]]="n.a",Paddy[[#This Row],[2022]]="n.a"),"-",Paddy[[#This Row],[2023]]-Paddy[[#This Row],[2022]]) -> - | I5: =IF(OR(Paddy[[#This Row],[2024]]="n.a",Paddy[[#This Row],[2023]]="n.a"),"-",Paddy[[#This Row],[2024]]-Paddy[[#This Row],[2023]]) -> - | J5: =IF(OR(Paddy[[#This Row],[2025]]="n.a",Paddy[[#This Row],[2024]]="n.a"),"-",Paddy[[#This Row],[2025]]-Paddy[[#This Row],[2024]]) -> -117473.69 | L5: - | M5: =IF(OR(Paddy[[#This Row],[2022]]="n.a", Paddy[[#This Row],[2022]]=0, Paddy[[#This Row],[2023]]="n.a"), "-",H5/Paddy[[#This Row],[2022]]) -> - | N5: =IF(OR(Paddy[[#This Row],[2023]]="n.a", Paddy[[#This Row],[2023]]=0, Paddy[[#This Row],[2024]]="n.a"), "-",I5/Paddy[[#This Row],[2023]]) -> - | O5: =IF(OR(Paddy[[#This Row],[2024]]="n.a", Paddy[[#This Row],[2024]]=0, Paddy[[#This Row],[2025]]="n.a"), "-",J5/Paddy[[#This Row],[2024]]) -> -1
A6: Kelantan | B6: 61654.01 | C6: n.a | D6: 10374.332 | E6: 0 | G6: - | H6: =IF(OR(Paddy[[#This Row],[2023]]="n.a",Paddy[[#This Row],[2022]]="n.a"),"-",Paddy[[#This Row],[2023]]-Paddy[[#This Row],[2022]]) -> - | I6: =IF(OR(Paddy[[#This Row],[2024]]="n.a",Paddy[[#This Row],[2023]]="n.a"),"-",Paddy[[#This Row],[2024]]-Paddy[[#This Row],[2023]]) -> - | J6: =IF(OR(Paddy[[#This Row],[2025]]="n.a",Paddy[[#This Row],[2024]]="n.a"),"-",Paddy[[#This Row],[2025]]-Paddy[[#This Row],[2024]]) -> -10374.332 | L6: - | M6: =IF(OR(Paddy[[#This Row],[2022]]="n.a", Paddy[[#This Row],[2022]]=0, Paddy[[#This Row],[2023]]="n.a"), "-",H6/Paddy[[#This Row],[2022]]) -> - | N6: =IF(OR(Paddy[[#This Row],[2023]]="n.a", Paddy[[#This Row],[2023]]=0, Paddy[[#This Row],[2024]]="n.a"), "-",I6/Paddy[[#This Row],[2023]]) -> - | O6: =IF(OR(Paddy[[#This Row],[2024]]="n.a", Paddy[[#This Row],[2024]]=0, Paddy[[#This Row],[2025]]="n.a"), "-",J6/Paddy[[#This Row],[2024]]) -> -1
A7: Melaka | B7: 0 | C7: n.a | D7: 0 | E7: 0 | G7: - | H7: =IF(OR(Paddy[[#This Row],[2023]]="n.a",Paddy[[#This Row],[2022]]="n.a"),"-",Paddy[[#This Row],[2023]]-Paddy[[#This Row],[2022]]) -> - | I7: =IF(OR(Paddy[[#This Row],[2024]]="n.a",Paddy[[#This Row],[2023]]="n.a"),"-",Paddy[[#This Row],[2024]]-Paddy[[#This Row],[2023]]) -> - | J7: =IF(OR(Paddy[[#This Row],[2025]]="n.a",Paddy[[#This Row],[2024]]="n.a"),"-",Paddy[[#This Row],[2025]]-Paddy[[#This Row],[2024]]) -> 0 | L7: - | M7: =IF(OR(Paddy[[#This Row],[2022]]="n.a", Paddy[[#This Row],[2022]]=0, Paddy[[#This Row],[2023]]="n.a"), "-",H7/Paddy[[#This Row],[2022]]) -> - | N7: =IF(OR(Paddy[[#This Row],[2023]]="n.a", Paddy[[#This Row],[2023]]=0, Paddy[[#This Row],[2024]]="n.a"), "-",I7/Paddy[[#This Row],[2023]]) -> - | O7: =IF(OR(Paddy[[#This Row],[2024]]="n.a", Paddy[[#This Row],[2024]]=0, Paddy[[#This Row],[2025]]="n.a"), "-",J7/Paddy[[#This Row],[2024]]) -> -
A8: Negeri Sembilan | B8: 16.038 | C8: n.a | D8: 0 | E8: 0 | G8: - | H8: =IF(OR(Paddy[[#This Row],[2023]]="n.a",Paddy[[#This Row],[2022]]="n.a"),"-",Paddy[[#This Row],[2023]]-Paddy[[#This Row],[2022]]) -> - | I8: =IF(OR(Paddy[[#This Row],[2024]]="n.a",Paddy[[#This Row],[2023]]="n.a"),"-",Paddy[[#This Row],[2024]]-Paddy[[#This Row],[2023]]) -> - | J8: =IF(OR(Paddy[[#This Row],[2025]]="n.a",Paddy[[#This Row],[2024]]="n.a"),"-",Paddy[[#This Row],[2025]]-Paddy[[#This Row],[2024]]) -> 0 | L8: - | M8: =IF(OR(Paddy[[#This Row],[2022]]="n.a", Paddy[[#This Row],[2022]]=0, Paddy[[#This Row],[2023]]="n.a"), "-",H8/Paddy[[#This Row],[2022]]) -> - | N8: =IF(OR(Paddy[[#This Row],[2023]]="n.a", Paddy[[#This Row],[2023]]=0, Paddy[[#This Row],[2024]]="n.a"), "-",I8/Paddy[[#This Row],[2023]]) -> - | O8: =IF(OR(Paddy[[#This Row],[2024]]="n.a", Paddy[[#This Row],[2024]]=0, Paddy[[#This Row],[2025]]="n.a"), "-",J8/Paddy[[#This Row],[2024]]) -> -
A9: Pahang | B9: 301.5 | C9: n.a | D9: 0 | E9: 0 | G9: - | H9: =IF(OR(Paddy[[#This Row],[2023]]="n.a",Paddy[[#This Row],[2022]]="n.a"),"-",Paddy[[#This Row],[2023]]-Paddy[[#This Row],[2022]]) -> - | I9: =IF(OR(Paddy[[#This Row],[2024]]="n.a",Paddy[[#This Row],[2023]]="n.a"),"-",Paddy[[#This Row],[2024]]-Paddy[[#This Row],[2023]]) -> - | J9: =IF(OR(Paddy[[#This Row],[2025]]="n.a",Paddy[[#This Row],[2024]]="n.a"),"-",Paddy[[#This Row],[2025]]-Paddy[[#This Row],[2024]]) -> 0 | L9: - | M9: =IF(OR(Paddy[[#This Row],[2022]]="n.a", Paddy[[#This Row],[2022]]=0, Paddy[[#This Row],[2023]]="n.a"), "-",H9/Paddy[[#This Row],[2022]]) -> - | N9: =IF(OR(Paddy[[#This Row],[2023]]="n.a", Paddy[[#This Row],[2023]]=0, Paddy[[#This Row],[2024]]="n.a"), "-",I9/Paddy[[#This Row],[2023]]) -> - | O9: =IF(OR(Paddy[[#This Row],[2024]]="n.a", Paddy[[#This Row],[2024]]=0, Paddy[[#This Row],[2025]]="n.a"), "-",J9/Paddy[[#This Row],[2024]]) -> -
A10: Pulau Pinang | B10: 71.848 | C10: n.a | D10: 0 | E10: 0 | G10: - | H10: =IF(OR(Paddy[[#This Row],[2023]]="n.a",Paddy[[#This Row],[2022]]="n.a"),"-",Paddy[[#This Row],[2023]]-Paddy[[#This Row],[2022]]) -> - | I10: =IF(OR(Paddy[[#This Row],[2024]]="n.a",Paddy[[#This Row],[2023]]="n.a"),"-",Paddy[[#This Row],[2024]]-Paddy[[#This Row],[2023]]) -> - | J10: =IF(OR(Paddy[[#This Row],[2025]]="n.a",Paddy[[#This Row],[2024]]="n.a"),"-",Paddy[[#This Row],[2025]]-Paddy[[#This Row],[2024]]) -> 0 | L10: - | M10: =IF(OR(Paddy[[#This Row],[2022]]="n.a", Paddy[[#This Row],[2022]]=0, Paddy[[#This Row],[2023]]="n.a"), "-",H10/Paddy[[#This Row],[2022]]) -> - | N10: =IF(OR(Paddy[[#This Row],[2023]]="n.a", Paddy[[#This Row],[2023]]=0, Paddy[[#This Row],[2024]]="n.a"), "-",I10/Paddy[[#This Row],[2023]]) -> - | O10: =IF(OR(Paddy[[#This Row],[2024]]="n.a", Paddy[[#This Row],[2024]]=0, Paddy[[#This Row],[2025]]="n.a"), "-",J10/Paddy[[#This Row],[2024]]) -> -
A11: Perak | B11: 85.813 | C11: n.a | D11: 0 | E11: 0 | G11: - | H11: =IF(OR(Paddy[[#This Row],[2023]]="n.a",Paddy[[#This Row],[2022]]="n.a"),"-",Paddy[[#This Row],[2023]]-Paddy[[#This Row],[2022]]) -> - | I11: =IF(OR(Paddy[[#This Row],[2024]]="n.a",Paddy[[#This Row],[2023]]="n.a"),"-",Paddy[[#This Row],[2024]]-Paddy[[#This Row],[2023]]) -> - | J11: =IF(OR(Paddy[[#This Row],[2025]]="n.a",Paddy[[#This Row],[2024]]="n.a"),"-",Paddy[[#This Row],[2025]]-Paddy[[#This Row],[2024]]) -> 0 | L11: - | M11: =IF(OR(Paddy[[#This Row],[2022]]="n.a", Paddy[[#This Row],[2022]]=0, Paddy[[#This Row],[2023]]="n.a"), "-",H11/Paddy[[#This Row],[2022]]) -> - | N11: =IF(OR(Paddy[[#This Row],[2023]]="n.a", Paddy[[#This Row],[2023]]=0, Paddy[[#This Row],[2024]]="n.a"), "-",I11/Paddy[[#This Row],[2023]]) -> - | O11: =IF(OR(Paddy[[#This Row],[2024]]="n.a", Paddy[[#This Row],[2024]]=0, Paddy[[#This Row],[2025]]="n.a"), "-",J11/Paddy[[#This Row],[2024]]) -> -
A12: Perlis | B12: 0 | C12: n.a | D12: 0 | E12: 0 | G12: - | H12: =IF(OR(Paddy[[#This Row],[2023]]="n.a",Paddy[[#This Row],[2022]]="n.a"),"-",Paddy[[#This Row],[2023]]-Paddy[[#This Row],[2022]]) -> - | I12: =IF(OR(Paddy[[#This Row],[2024]]="n.a",Paddy[[#This Row],[2023]]="n.a"),"-",Paddy[[#This Row],[2024]]-Paddy[[#This Row],[2023]]) -> - | J12: =IF(OR(Paddy[[#This Row],[2025]]="n.a",Paddy[[#This Row],[2024]]="n.a"),"-",Paddy[[#This Row],[2025]]-Paddy[[#This Row],[2024]]) -> 0 | L12: - | M12: =IF(OR(Paddy[[#This Row],[2022]]="n.a", Paddy[[#This Row],[2022]]=0, Paddy[[#This Row],[2023]]="n.a"), "-",H12/Paddy[[#This Row],[2022]]) -> - | N12: =IF(OR(Paddy[[#This Row],[2023]]="n.a", Paddy[[#This Row],[2023]]=0, Paddy[[#This Row],[2024]]="n.a"), "-",I12/Paddy[[#This Row],[2023]]) -> - | O12: =IF(OR(Paddy[[#This Row],[2024]]="n.a", Paddy[[#This Row],[2024]]=0, Paddy[[#This Row],[2025]]="n.a"), "-",J12/Paddy[[#This Row],[2024]]) -> -
A13: Selangor | B13: 26.604 | C13: n.a | D13: 0 | E13: 0 | G13: - | H13: =IF(OR(Paddy[[#This Row],[2023]]="n.a",Paddy[[#This Row],[2022]]="n.a"),"-",Paddy[[#This Row],[2023]]-Paddy[[#This Row],[2022]]) -> - | I13: =IF(OR(Paddy[[#This Row],[2024]]="n.a",Paddy[[#This Row],[2023]]="n.a"),"-",Paddy[[#This Row],[2024]]-Paddy[[#This Row],[2023]]) -> - | J13: =IF(OR(Paddy[[#This Row],[2025]]="n.a",Paddy[[#This Row],[2024]]="n.a"),"-",Paddy[[#This Row],[2025]]-Paddy[[#This Row],[2024]]) -> 0 | L13: - | M13: =IF(OR(Paddy[[#This Row],[2022]]="n.a", Paddy[[#This Row],[2022]]=0, Paddy[[#This Row],[2023]]="n.a"), "-",H13/Paddy[[#This Row],[2022]]) -> - | N13: =IF(OR(Paddy[[#This Row],[2023]]="n.a", Paddy[[#This Row],[2023]]=0, Paddy[[#This Row],[2024]]="n.a"), "-",I13/Paddy[[#This Row],[2023]]) -> - | O13: =IF(OR(Paddy[[#This Row],[2024]]="n.a", Paddy[[#This Row],[2024]]=0, Paddy[[#This Row],[2025]]="n.a"), "-",J13/Paddy[[#This Row],[2024]]) -> -
A14: Terengganu | B14: 18926.242 | C14: n.a | D14: 0 | E14: 0 | G14: - | H14: =IF(OR(Paddy[[#This Row],[2023]]="n.a",Paddy[[#This Row],[2022]]="n.a"),"-",Paddy[[#This Row],[2023]]-Paddy[[#This Row],[2022]]) -> - | I14: =IF(OR(Paddy[[#This Row],[2024]]="n.a",Paddy[[#This Row],[2023]]="n.a"),"-",Paddy[[#This Row],[2024]]-Paddy[[#This Row],[2023]]) -> - | J14: =IF(OR(Paddy[[#This Row],[2025]]="n.a",Paddy[[#This Row],[2024]]="n.a"),"-",Paddy[[#This Row],[2025]]-Paddy[[#This Row],[2024]]) -> 0 | L14: - | M14: =IF(OR(Paddy[[#This Row],[2022]]="n.a", Paddy[[#This Row],[2022]]=0, Paddy[[#This Row],[2023]]="n.a"), "-",H14/Paddy[[#This Row],[2022]]) -> - | N14: =IF(OR(Paddy[[#This Row],[2023]]="n.a", Paddy[[#This Row],[2023]]=0, Paddy[[#This Row],[2024]]="n.a"), "-",I14/Paddy[[#This Row],[2023]]) -> - | O14: =IF(OR(Paddy[[#This Row],[2024]]="n.a", Paddy[[#This Row],[2024]]=0, Paddy[[#This Row],[2025]]="n.a"), "-",J14/Paddy[[#This Row],[2024]]) -> -
A15: Sabah | B15: 0 | C15: n.a | D15: 0 | E15: 0 | G15: - | H15: =IF(OR(Paddy[[#This Row],[2023]]="n.a",Paddy[[#This Row],[2022]]="n.a"),"-",Paddy[[#This Row],[2023]]-Paddy[[#This Row],[2022]]) -> - | I15: =IF(OR(Paddy[[#This Row],[2024]]="n.a",Paddy[[#This Row],[2023]]="n.a"),"-",Paddy[[#This Row],[2024]]-Paddy[[#This Row],[2023]]) -> - | J15: =IF(OR(Paddy[[#This Row],[2025]]="n.a",Paddy[[#This Row],[2024]]="n.a"),"-",Paddy[[#This Row],[2025]]-Paddy[[#This Row],[2024]]) -> 0 | L15: - | M15: =IF(OR(Paddy[[#This Row],[2022]]="n.a", Paddy[[#This Row],[2022]]=0, Paddy[[#This Row],[2023]]="n.a"), "-",H15/Paddy[[#This Row],[2022]]) -> - | N15: =IF(OR(Paddy[[#This Row],[2023]]="n.a", Paddy[[#This Row],[2023]]=0, Paddy[[#This Row],[2024]]="n.a"), "-",I15/Paddy[[#This Row],[2023]]) -> - | O15: =IF(OR(Paddy[[#This Row],[2024]]="n.a", Paddy[[#This Row],[2024]]=0, Paddy[[#This Row],[2025]]="n.a"), "-",J15/Paddy[[#This Row],[2024]]) -> -
... A17: W.P. Kuala Lumpur | B17: 0 | C17: n.a | D17: 0 | E17: 0 | G17: - | H17: =IF(OR(Paddy[[#This Row],[2023]]="n.a",Paddy[[#This Row],[2022]]="n.a"),"-",Paddy[[#This Row],[2023]]-Paddy[[#This Row],[2022]]) -> - | I17: =IF(OR(Paddy[[#This Row],[2024]]="n.a",Paddy[[#This Row],[2023]]="n.a"),"-",Paddy[[#This Row],[2024]]-Paddy[[#This Row],[2023]]) -> - | J17: =IF(OR(Paddy[[#This Row],[2025]]="n.a",Paddy[[#This Row],[2024]]="n.a"),"-",Paddy[[#This Row],[2025]]-Paddy[[#This Row],[2024]]) -> 0 | L17: - | M17: =IF(OR(Paddy[[#This Row],[2022]]="n.a", Paddy[[#This Row],[2022]]=0, Paddy[[#This Row],[2023]]="n.a"), "-",H17/Paddy[[#This Row],[2022]]) -> - | N17: =IF(OR(Paddy[[#This Row],[2023]]="n.a", Paddy[[#This Row],[2023]]=0, Paddy[[#This Row],[2024]]="n.a"), "-",I17/Paddy[[#This Row],[2023]]) -> - | O17: =IF(OR(Paddy[[#This Row],[2024]]="n.a", Paddy[[#This Row],[2024]]=0, Paddy[[#This Row],[2025]]="n.a"), "-",J17/Paddy[[#This Row],[2024]]) -> -
A19: Negeri State | B19: (B) Tanaman Crops (RM '000) | G19: Movement | L19: % change YoY
A20: Year | B20: 2022 | C20: 2023 | D20: 2024 | E20: 2025 | G20: 2022 | H20: 2023 | I20: 2024 | J20: 2025 | L20: 2022 | M20: 2023 | N20: 2024 | O20: 2025
A21: Malaysia | B21: 33226.753 | C21: 42142.946 | D21: 17227.696 | E21: 14376.019 | G21: - | H21: =IF(OR(Crops[[#This Row],[2023]]="n.a",Crops[[#This Row],[2022]]="n.a"),"-",Crops[[#This Row],[2023]]-Crops[[#This Row],[2022]]) -> 8916.1925 | I21: =IF(OR(Crops[[#This Row],[2024]]="n.a",Crops[[#This Row],[2023]]="n.a"),"-",Crops[[#This Row],[2024]]-Crops[[#This Row],[2023]]) -> -24915.25 | J21: =IF(OR(Crops[[#This Row],[2025]]="n.a",Crops[[#This Row],[2024]]="n.a"),"-",Crops[[#This Row],[2025]]-Crops[[#This Row],[2024]]) -> -2851.6765 | L21: - | M21: =IF(OR(Crops[[#This Row],[2022]]="n.a", Crops[[#This Row],[2022]]=0, Crops[[#This Row],[2023]]="n.a"), "-",H21/Crops[[#This Row],[2022]]) -> 0.26834378 | N21: =IF(OR(Crops[[#This Row],[2023]]="n.a", Crops[[#This Row],[2023]]=0, Crops[[#This Row],[2024]]="n.a"), "-",I21/Crops[[#This Row],[2023]]) -> -0.59120808 | O21: =IF(OR(Crops[[#This Row],[2024]]="n.a", Crops[[#This Row],[2024]]=0, Crops[[#This Row],[2025]]="n.a"), "-",J21/Crops[[#This Row],[2024]]) -> -0.16552861
A22: Johor | B22: 111 | C22: n.a | D22: 724.619 | E22: 719.935 | G22: - | H22: =IF(OR(Crops[[#This Row],[2023]]="n.a",Crops[[#This Row],[2022]]="n.a"),"-",Crops[[#This Row],[2023]]-Crops[[#This Row],[2022]]) -> - | I22: =IF(OR(Crops[[#This Row],[2024]]="n.a",Crops[[#This Row],[2023]]="n.a"),"-",Crops[[#This Row],[2024]]-Crops[[#This Row],[2023]]) -> - | J22: =IF(OR(Crops[[#This Row],[2025]]="n.a",Crops[[#This Row],[2024]]="n.a"),"-",Crops[[#This Row],[2025]]-Crops[[#This Row],[2024]]) -> -4.684 | L22: - | M22: =IF(OR(Crops[[#This Row],[2022]]="n.a", Crops[[#This Row],[2022]]=0, Crops[[#This Row],[2023]]="n.a"), "-",H22/Crops[[#This Row],[2022]]) -> - | N22: =IF(OR(Crops[[#This Row],[2023]]="n.a", Crops[[#This Row],[2023]]=0, Crops[[#This Row],[2024]]="n.a"), "-",I22/Crops[[#This Row],[2023]]) -> - | O22: =IF(OR(Crops[[#This Row],[2024]]="n.a", Crops[[#This Row],[2024]]=0, Crops[[#This Row],[2025]]="n.a"), "-",J22/Crops[[#This Row],[2024]]) -> -0.0064640866
A23: Kedah | B23: 14.2 | C23: n.a | D23: 346.85 | E23: 222.85 | G23: - | H23: =IF(OR(Crops[[#This Row],[2023]]="n.a",Crops[[#This Row],[2022]]="n.a"),"-",Crops[[#This Row],[2023]]-Crops[[#This Row],[2022]]) -> - | I23: =IF(OR(Crops[[#This Row],[2024]]="n.a",Crops[[#This Row],[2023]]="n.a"),"-",Crops[[#This Row],[2024]]-Crops[[#This Row],[2023]]) -> - | J23: =IF(OR(Crops[[#This Row],[2025]]="n.a",Crops[[#This Row],[2024]]="n.a"),"-",Crops[[#This Row],[2025]]-Crops[[#This Row],[2024]]) -> -124 | L23: - | M23: =IF(OR(Crops[[#This Row],[2022]]="n.a", Crops[[#This Row],[2022]]=0, Crops[[#This Row],[2023]]="n.a"), "-",H23/Crops[[#This Row],[2022]]) -> - | N23: =IF(OR(Crops[[#This Row],[2023]]="n.a", Crops[[#This Row],[2023]]=0, Crops[[#This Row],[2024]]="n.a"), "-",I23/Crops[[#This Row],[2023]]) -> - | O23: =IF(OR(Crops[[#This Row],[2024]]="n.a", Crops[[#This Row],[2024]]=0, Crops[[#This Row],[2025]]="n.a"), "-",J23/Crops[[#This Row],[2024]]) -> -0.35750324
A24: Kelantan | B24: 2121.98 | C24: n.a | D24: 8544.4495 | E24: 2322.99 | G24: - | H24: =IF(OR(Crops[[#This Row],[2023]]="n.a",Crops[[#This Row],[2022]]="n.a"),"-",Crops[[#This Row],[2023]]-Crops[[#This Row],[2022]]) -> - | I24: =IF(OR(Crops[[#This Row],[2024]]="n.a",Crops[[#This Row],[2023]]="n.a"),"-",Crops[[#This Row],[2024]]-Crops[[#This Row],[2023]]) -> - | J24: =IF(OR(Crops[[#This Row],[2025]]="n.a",Crops[[#This Row],[2024]]="n.a"),"-",Crops[[#This Row],[2025]]-Crops[[#This Row],[2024]]) -> -6221.4595 | L24: - | M24: =IF(OR(Crops[[#This Row],[2022]]="n.a", Crops[[#This Row],[2022]]=0, Crops[[#This Row],[2023]]="n.a"), "-",H24/Crops[[#This Row],[2022]]) -> - | N24: =IF(OR(Crops[[#This Row],[2023]]="n.a", Crops[[#This Row],[2023]]=0, Crops[[#This Row],[2024]]="n.a"), "-",I24/Crops[[#This Row],[2023]]) -> - | O24: =IF(OR(Crops[[#This Row],[2024]]="n.a", Crops[[#This Row],[2024]]=0, Crops[[#This Row],[2025]]="n.a"), "-",J24/Crops[[#This Row],[2024]]) -> -0.72812877
A25: Melaka | B25: 0 | C25: n.a | D25: 229.95 | E25: 232 | G25: - | H25: =IF(OR(Crops[[#This Row],[2023]]="n.a",Crops[[#This Row],[2022]]="n.a"),"-",Crops[[#This Row],[2023]]-Crops[[#This Row],[2022]]) -> - | I25: =IF(OR(Crops[[#This Row],[2024]]="n.a",Crops[[#This Row],[2023]]="n.a"),"-",Crops[[#This Row],[2024]]-Crops[[#This Row],[2023]]) -> - | J25: =IF(OR(Crops[[#This Row],[2025]]="n.a",Crops[[#This Row],[2024]]="n.a"),"-",Crops[[#This Row],[2025]]-Crops[[#This Row],[2024]]) -> 2.05 | L25: - | M25: =IF(OR(Crops[[#This Row],[2022]]="n.a", Crops[[#This Row],[2022]]=0, Crops[[#This Row],[2023]]="n.a"), "-",H25/Crops[[#This Row],[2022]]) -> - | N25: =IF(OR(Crops[[#This Row],[2023]]="n.a", Crops[[#This Row],[2023]]=0, Crops[[#This Row],[2024]]="n.a"), "-",I25/Crops[[#This Row],[2023]]) -> - | O25: =IF(OR(Crops[[#This Row],[2024]]="n.a", Crops[[#This Row],[2024]]=0, Crops[[#This Row],[2025]]="n.a"), "-",J25/Crops[[#This Row],[2024]]) -> 0.0089149815
A26: Negeri Sembilan | B26: 2930.55 | C26: n.a | D26: 698.699 | E26: 395.45 | G26: - | H26: =IF(OR(Crops[[#This Row],[2023]]="n.a",Crops[[#This Row],[2022]]="n.a"),"-",Crops[[#This Row],[2023]]-Crops[[#This Row],[2022]]) -> - | I26: =IF(OR(Crops[[#This Row],[2024]]="n.a",Crops[[#This Row],[2023]]="n.a"),"-",Crops[[#This Row],[2024]]-Crops[[#This Row],[2023]]) -> - | J26: =IF(OR(Crops[[#This Row],[2025]]="n.a",Crops[[#This Row],[2024]]="n.a"),"-",Crops[[#This Row],[2025]]-Crops[[#This Row],[2024]]) -> -303.249 | L26: - | M26: =IF(OR(Crops[[#This Row],[2022]]="n.a", Crops[[#This Row],[2022]]=0, Crops[[#This Row],[2023]]="n.a"), "-",H26/Crops[[#This Row],[2022]]) -> - | N26: =IF(OR(Crops[[#This Row],[2023]]="n.a", Crops[[#This Row],[2023]]=0, Crops[[#This Row],[2024]]="n.a"), "-",I26/Crops[[#This Row],[2023]]) -> - | O26: =IF(OR(Crops[[#This Row],[2024]]="n.a", Crops[[#This Row],[2024]]=0, Crops[[#This Row],[2025]]="n.a"), "-",J26/Crops[[#This Row],[2024]]) -> -0.43401951
A27: Pahang | B27: 1267.32 | C27: n.a | D27: 2155.869 | E27: 2413.95 | G27: - | H27: =IF(OR(Crops[[#This Row],[2023]]="n.a",Crops[[#This Row],[2022]]="n.a"),"-",Crops[[#This Row],[2023]]-Crops[[#This Row],[2022]]) -> - | I27: =IF(OR(Crops[[#This Row],[2024]]="n.a",Crops[[#This Row],[2023]]="n.a"),"-",Crops[[#This Row],[2024]]-Crops[[#This Row],[2023]]) -> - | J27: =IF(OR(Crops[[#This Row],[2025]]="n.a",Crops[[#This Row],[2024]]="n.a"),"-",Crops[[#This Row],[2025]]-Crops[[#This Row],[2024]]) -> 258.081 | L27: - | M27: =IF(OR(Crops[[#This Row],[2022]]="n.a", Crops[[#This Row],[2022]]=0, Crops[[#This Row],[2023]]="n.a"), "-",H27/Crops[[#This Row],[2022]]) -> - | N27: =IF(OR(Crops[[#This Row],[2023]]="n.a", Crops[[#This Row],[2023]]=0, Crops[[#This Row],[2024]]="n.a"), "-",I27/Crops[[#This Row],[2023]]) -> - | O27: =IF(OR(Crops[[#This Row],[2024]]="n.a", Crops[[#This Row],[2024]]=0, Crops[[#This Row],[2025]]="n.a"), "-",J27/Crops[[#This Row],[2024]]) -> 0.11971089
A28: Pulau Pinang | B28: 0 | C28: n.a | D28: 11.4 | E28: 251.65 | G28: - | H28: =IF(OR(Crops[[#This Row],[2023]]="n.a",Crops[[#This Row],[2022]]="n.a"),"-",Crops[[#This Row],[2023]]-Crops[[#This Row],[2022]]) -> - | I28: =IF(OR(Crops[[#This Row],[2024]]="n.a",Crops[[#This Row],[2023]]="n.a"),"-",Crops[[#This Row],[2024]]-Crops[[#This Row],[2023]]) -> - | J28: =IF(OR(Crops[[#This Row],[2025]]="n.a",Crops[[#This Row],[2024]]="n.a"),"-",Crops[[#This Row],[2025]]-Crops[[#This Row],[2024]]) -> 240.25 | L28: - | M28: =IF(OR(Crops[[#This Row],[2022]]="n.a", Crops[[#This Row],[2022]]=0, Crops[[#This Row],[2023]]="n.a"), "-",H28/Crops[[#This Row],[2022]]) -> - | N28: =IF(OR(Crops[[#This Row],[2023]]="n.a", Crops[[#This Row],[2023]]=0, Crops[[#This Row],[2024]]="n.a"), "-",I28/Crops[[#This Row],[2023]]) -> - | O28: =IF(OR(Crops[[#This Row],[2024]]="n.a", Crops[[#This Row],[2024]]=0, Crops[[#This Row],[2025]]="n.a"), "-",J28/Crops[[#This Row],[2024]]) -> 21.074561
A29: Perak | B29: 519 | C29: n.a | D29: 136.841 | E29: 2426.435 | G29: - | H29: =IF(OR(Crops[[#This Row],[2023]]="n.a",Crops[[#This Row],[2022]]="n.a"),"-",Crops[[#This Row],[2023]]-Crops[[#This Row],[2022]]) -> - | I29: =IF(OR(Crops[[#This Row],[2024]]="n.a",Crops[[#This Row],[2023]]="n.a"),"-",Crops[[#This Row],[2024]]-Crops[[#This Row],[2023]]) -> - | J29: =IF(OR(Crops[[#This Row],[2025]]="n.a",Crops[[#This Row],[2024]]="n.a"),"-",Crops[[#This Row],[2025]]-Crops[[#This Row],[2024]]) -> 2289.594 | L29: - | M29: =IF(OR(Crops[[#This Row],[2022]]="n.a", Crops[[#This Row],[2022]]=0, Crops[[#This Row],[2023]]="n.a"), "-",H29/Crops[[#This Row],[2022]]) -> - | N29: =IF(OR(Crops[[#This Row],[2023]]="n.a", Crops[[#This Row],[2023]]=0, Crops[[#This Row],[2024]]="n.a"), "-",I29/Crops[[#This Row],[2023]]) -> - | O29: =IF(OR(Crops[[#This Row],[2024]]="n.a", Crops[[#This Row],[2024]]=0, Crops[[#This Row],[2025]]="n.a"), "-",J29/Crops[[#This Row],[2024]]) -> 16.731784
A30: Perlis | B30: 0 | C30: n.a | D30: 167.35 | E30: 381.399 | G30: - | H30: =IF(OR(Crops[[#This Row],[2023]]="n.a",Crops[[#This Row],[2022]]="n.a"),"-",Crops[[#This Row],[2023]]-Crops[[#This Row],[2022]]) -> - | I30: =IF(OR(Crops[[#This Row],[2024]]="n.a",Crops[[#This Row],[2023]]="n.a"),"-",Crops[[#This Row],[2024]]-Crops[[#This Row],[2023]]) -> - | J30: =IF(OR(Crops[[#This Row],[2025]]="n.a",Crops[[#This Row],[2024]]="n.a"),"-",Crops[[#This Row],[2025]]-Crops[[#This Row],[2024]]) -> 214.049 | L30: - | M30: =IF(OR(Crops[[#This Row],[2022]]="n.a", Crops[[#This Row],[2022]]=0, Crops[[#This Row],[2023]]="n.a"), "-",H30/Crops[[#This Row],[2022]]) -> - | N30: =IF(OR(Crops[[#This Row],[2023]]="n.a", Crops[[#This Row],[2023]]=0, Crops[[#This Row],[2024]]="n.a"), "-",I30/Crops[[#This Row],[2023]]) -> - | O30: =IF(OR(Crops[[#This Row],[2024]]="n.a", Crops[[#This Row],[2024]]=0, Crops[[#This Row],[2025]]="n.a"), "-",J30/Crops[[#This Row],[2024]]) -> 1.2790499
A31: Selangor | B31: 3082 | C31: n.a | D31: 1698.668 | E31: 4224.5 | G31: - | H31: =IF(OR(Crops[[#This Row],[2023]]="n.a",Crops[[#This Row],[2022]]="n.a"),"-",Crops[[#This Row],[2023]]-Crops[[#This Row],[2022]]) -> - | I31: =IF(OR(Crops[[#This Row],[2024]]="n.a",Crops[[#This Row],[2023]]="n.a"),"-",Crops[[#This Row],[2024]]-Crops[[#This Row],[2023]]) -> - | J31: =IF(OR(Crops[[#This Row],[2025]]="n.a",Crops[[#This Row],[2024]]="n.a"),"-",Crops[[#This Row],[2025]]-Crops[[#This Row],[2024]]) -> 2525.832 | L31: - | M31: =IF(OR(Crops[[#This Row],[2022]]="n.a", Crops[[#This Row],[2022]]=0, Crops[[#This Row],[2023]]="n.a"), "-",H31/Crops[[#This Row],[2022]]) -> - | N31: =IF(OR(Crops[[#This Row],[2023]]="n.a", Crops[[#This Row],[2023]]=0, Crops[[#This Row],[2024]]="n.a"), "-",I31/Crops[[#This Row],[2023]]) -> - | O31: =IF(OR(Crops[[#This Row],[2024]]="n.a", Crops[[#This Row],[2024]]=0, Crops[[#This Row],[2025]]="n.a"), "-",J31/Crops[[#This Row],[2024]]) -> 1.4869486
A32: Terengganu | B32: 23098.703 | C32: n.a | D32: 2069.3 | E32: 784.86 | G32: - | H32: =IF(OR(Crops[[#This Row],[2023]]="n.a",Crops[[#This Row],[2022]]="n.a"),"-",Crops[[#This Row],[2023]]-Crops[[#This Row],[2022]]) -> - | I32: =IF(OR(Crops[[#This Row],[2024]]="n.a",Crops[[#This Row],[2023]]="n.a"),"-",Crops[[#This Row],[2024]]-Crops[[#This Row],[2023]]) -> - | J32: =IF(OR(Crops[[#This Row],[2025]]="n.a",Crops[[#This Row],[2024]]="n.a"),"-",Crops[[#This Row],[2025]]-Crops[[#This Row],[2024]]) -> -1284.44 | L32: - | M32: =IF(OR(Crops[[#This Row],[2022]]="n.a", Crops[[#This Row],[2022]]=0, Crops[[#This Row],[2023]]="n.a"), "-",H32/Crops[[#This Row],[2022]]) -> - | N32: =IF(OR(Crops[[#This Row],[2023]]="n.a", Crops[[#This Row],[2023]]=0, Crops[[#This Row],[2024]]="n.a"), "-",I32/Crops[[#This Row],[2023]]) -> - | O32: =IF(OR(Crops[[#This Row],[2024]]="n.a", Crops[[#This Row],[2024]]=0, Crops[[#This Row],[2025]]="n.a"), "-",J32/Crops[[#This Row],[2024]]) -> -0.62071232
A33: Sabah | B33: 0 | C33: n.a | D33: 0 | E33: 0 | G33: - | H33: =IF(OR(Crops[[#This Row],[2023]]="n.a",Crops[[#This Row],[2022]]="n.a"),"-",Crops[[#This Row],[2023]]-Crops[[#This Row],[2022]]) -> - | I33: =IF(OR(Crops[[#This Row],[2024]]="n.a",Crops[[#This Row],[2023]]="n.a"),"-",Crops[[#This Row],[2024]]-Crops[[#This Row],[2023]]) -> - | J33: =IF(OR(Crops[[#This Row],[2025]]="n.a",Crops[[#This Row],[2024]]="n.a"),"-",Crops[[#This Row],[2025]]-Crops[[#This Row],[2024]]) -> 0 | L33: - | M33: =IF(OR(Crops[[#This Row],[2022]]="n.a", Crops[[#This Row],[2022]]=0, Crops[[#This Row],[2023]]="n.a"), "-",H33/Crops[[#This Row],[2022]]) -> - | N33: =IF(OR(Crops[[#This Row],[2023]]="n.a", Crops[[#This Row],[2023]]=0, Crops[[#This Row],[2024]]="n.a"), "-",I33/Crops[[#This Row],[2023]]) -> - | O33: =IF(OR(Crops[[#This Row],[2024]]="n.a", Crops[[#This Row],[2024]]=0, Crops[[#This Row],[2025]]="n.a"), "-",J33/Crops[[#This Row],[2024]]) -> -
... A35: W.P. Kuala Lumpur | B35: 0 | C35: n.a | D35: 0 | E35: 0 | G35: - | H35: =IF(OR(Crops[[#This Row],[2023]]="n.a",Crops[[#This Row],[2022]]="n.a"),"-",Crops[[#This Row],[2023]]-Crops[[#This Row],[2022]]) -> - | I35: =IF(OR(Crops[[#This Row],[2024]]="n.a",Crops[[#This Row],[2023]]="n.a"),"-",Crops[[#This Row],[2024]]-Crops[[#This Row],[2023]]) -> - | J35: =IF(OR(Crops[[#This Row],[2025]]="n.a",Crops[[#This Row],[2024]]="n.a"),"-",Crops[[#This Row],[2025]]-Crops[[#This Row],[2024]]) -> 0 | L35: - | M35: =IF(OR(Crops[[#This Row],[2022]]="n.a", Crops[[#This Row],[2022]]=0, Crops[[#This Row],[2023]]="n.a"), "-",H35/Crops[[#This Row],[2022]]) -> - | N35: =IF(OR(Crops[[#This Row],[2023]]="n.a", Crops[[#This Row],[2023]]=0, Crops[[#This Row],[2024]]="n.a"), "-",I35/Crops[[#This Row],[2023]]) -> - | O35: =IF(OR(Crops[[#This Row],[2024]]="n.a", Crops[[#This Row],[2024]]=0, Crops[[#This Row],[2025]]="n.a"), "-",J35/Crops[[#This Row],[2024]]) -> -
A37: Negeri State | B37: (C) Perikanan Fisheries (RM '000) | G37: Movement | L37: % change YoY
A38: Year | B38: 2022 | C38: 2023 | D38: 2024 | E38: 2025 | G38: 2022 | H38: 2023 | I38: 2024 | J38: 2025 | L38: 2022 | M38: 2023 | N38: 2024 | O38: 2025
A39: Malaysia | B39: 2709.454 | C39: 2141.19 | D39: 12881.351 | E39: 34339.985 | G39: - | H39: =IF(OR(Fisheries[[#This Row],[2023]]="n.a",Fisheries[[#This Row],[2022]]="n.a"),"-",Fisheries[[#This Row],[2023]]-Fisheries[[#This Row],[2022]]) -> -568.264 | I39: =IF(OR(Fisheries[[#This Row],[2024]]="n.a",Fisheries[[#This Row],[2023]]="n.a"),"-",Fisheries[[#This Row],[2024]]-Fisheries[[#This Row],[2023]]) -> 10740.161 | J39: =IF(OR(Fisheries[[#This Row],[2025]]="n.a",Fisheries[[#This Row],[2024]]="n.a"),"-",Fisheries[[#This Row],[2025]]-Fisheries[[#This Row],[2024]]) -> 21458.634 | L39: - | M39: =IF(OR(Fisheries[[#This Row],[2022]]="n.a", Fisheries[[#This Row],[2022]]=0, Fisheries[[#This Row],[2023]]="n.a"), "-",H39/Fisheries[[#This Row],[2022]]) -> -0.20973377 | N39: =IF(OR(Fisheries[[#This Row],[2023]]="n.a", Fisheries[[#This Row],[2023]]=0, Fisheries[[#This Row],[2024]]="n.a"), "-",I39/Fisheries[[#This Row],[2023]]) -> 5.0159776 | O39: =IF(OR(Fisheries[[#This Row],[2024]]="n.a", Fisheries[[#This Row],[2024]]=0, Fisheries[[#This Row],[2025]]="n.a"), "-",J39/Fisheries[[#This Row],[2024]]) -> 1.6658682
A40: Johor | B40: 120.36 | C40: n.a | D40: 1634.746 | E40: 12236.12 | G40: - | H40: =IF(OR(Fisheries[[#This Row],[2023]]="n.a",Fisheries[[#This Row],[2022]]="n.a"),"-",Fisheries[[#This Row],[2023]]-Fisheries[[#This Row],[2022]]) -> - | I40: =IF(OR(Fisheries[[#This Row],[2024]]="n.a",Fisheries[[#This Row],[2023]]="n.a"),"-",Fisheries[[#This Row],[2024]]-Fisheries[[#This Row],[2023]]) -> - | J40: =IF(OR(Fisheries[[#This Row],[2025]]="n.a",Fisheries[[#This Row],[2024]]="n.a"),"-",Fisheries[[#This Row],[2025]]-Fisheries[[#This Row],[2024]]) -> 10601.374 | L40: - | M40: =IF(OR(Fisheries[[#This Row],[2022]]="n.a", Fisheries[[#This Row],[2022]]=0, Fisheries[[#This Row],[2023]]="n.a"), "-",H40/Fisheries[[#This Row],[2022]]) -> - | N40: =IF(OR(Fisheries[[#This Row],[2023]]="n.a", Fisheries[[#This Row],[2023]]=0, Fisheries[[#This Row],[2024]]="n.a"), "-",I40/Fisheries[[#This Row],[2023]]) -> - | O40: =IF(OR(Fisheries[[#This Row],[2024]]="n.a", Fisheries[[#This Row],[2024]]=0, Fisheries[[#This Row],[2025]]="n.a"), "-",J40/Fisheries[[#This Row],[2024]]) -> 6.4850283
A41: Kedah | B41: 7 | C41: n.a | D41: 27.115 | E41: 4238 | G41: - | H41: =IF(OR(Fisheries[[#This Row],[2023]]="n.a",Fisheries[[#This Row],[2022]]="n.a"),"-",Fisheries[[#This Row],[2023]]-Fisheries[[#This Row],[2022]]) -> - | I41: =IF(OR(Fisheries[[#This Row],[2024]]="n.a",Fisheries[[#This Row],[2023]]="n.a"),"-",Fisheries[[#This Row],[2024]]-Fisheries[[#This Row],[2023]]) -> - | J41: =IF(OR(Fisheries[[#This Row],[2025]]="n.a",Fisheries[[#This Row],[2024]]="n.a"),"-",Fisheries[[#This Row],[2025]]-Fisheries[[#This Row],[2024]]) -> 4210.885 | L41: - | M41: =IF(OR(Fisheries[[#This Row],[2022]]="n.a", Fisheries[[#This Row],[2022]]=0, Fisheries[[#This Row],[2023]]="n.a"), "-",H41/Fisheries[[#This Row],[2022]]) -> - | N41: =IF(OR(Fisheries[[#This Row],[2023]]="n.a", Fisheries[[#This Row],[2023]]=0, Fisheries[[#This Row],[2024]]="n.a"), "-",I41/Fisheries[[#This Row],[2023]]) -> - | O41: =IF(OR(Fisheries[[#This Row],[2024]]="n.a", Fisheries[[#This Row],[2024]]=0, Fisheries[[#This Row],[2025]]="n.a"), "-",J41/Fisheries[[#This Row],[2024]]) -> 155.29725
A42: Kelantan | B42: 1841.064 | C42: n.a | D42: 1020.4 | E42: 1276 | G42: - | H42: =IF(OR(Fisheries[[#This Row],[2023]]="n.a",Fisheries[[#This Row],[2022]]="n.a"),"-",Fisheries[[#This Row],[2023]]-Fisheries[[#This Row],[2022]]) -> - | I42: =IF(OR(Fisheries[[#This Row],[2024]]="n.a",Fisheries[[#This Row],[2023]]="n.a"),"-",Fisheries[[#This Row],[2024]]-Fisheries[[#This Row],[2023]]) -> - | J42: =IF(OR(Fisheries[[#This Row],[2025]]="n.a",Fisheries[[#This Row],[2024]]="n.a"),"-",Fisheries[[#This Row],[2025]]-Fisheries[[#This Row],[2024]]) -> 255.6 | L42: - | M42: =IF(OR(Fisheries[[#This Row],[2022]]="n.a", Fisheries[[#This Row],[2022]]=0, Fisheries[[#This Row],[2023]]="n.a"), "-",H42/Fisheries[[#This Row],[2022]]) -> - | N42: =IF(OR(Fisheries[[#This Row],[2023]]="n.a", Fisheries[[#This Row],[2023]]=0, Fisheries[[#This Row],[2024]]="n.a"), "-",I42/Fisheries[[#This Row],[2023]]) -> - | O42: =IF(OR(Fisheries[[#This Row],[2024]]="n.a", Fisheries[[#This Row],[2024]]=0, Fisheries[[#This Row],[2025]]="n.a"), "-",J42/Fisheries[[#This Row],[2024]]) -> 0.25049
A43: Melaka | B43: 98.3 | C43: n.a | D43: 144.8366 | E43: 0 | G43: - | H43: =IF(OR(Fisheries[[#This Row],[2023]]="n.a",Fisheries[[#This Row],[2022]]="n.a"),"-",Fisheries[[#This Row],[2023]]-Fisheries[[#This Row],[2022]]) -> - | I43: =IF(OR(Fisheries[[#This Row],[2024]]="n.a",Fisheries[[#This Row],[2023]]="n.a"),"-",Fisheries[[#This Row],[2024]]-Fisheries[[#This Row],[2023]]) -> - | J43: =IF(OR(Fisheries[[#This Row],[2025]]="n.a",Fisheries[[#This Row],[2024]]="n.a"),"-",Fisheries[[#This Row],[2025]]-Fisheries[[#This Row],[2024]]) -> -144.8366 | L43: - | M43: =IF(OR(Fisheries[[#This Row],[2022]]="n.a", Fisheries[[#This Row],[2022]]=0, Fisheries[[#This Row],[2023]]="n.a"), "-",H43/Fisheries[[#This Row],[2022]]) -> - | N43: =IF(OR(Fisheries[[#This Row],[2023]]="n.a", Fisheries[[#This Row],[2023]]=0, Fisheries[[#This Row],[2024]]="n.a"), "-",I43/Fisheries[[#This Row],[2023]]) -> - | O43: =IF(OR(Fisheries[[#This Row],[2024]]="n.a", Fisheries[[#This Row],[2024]]=0, Fisheries[[#This Row],[2025]]="n.a"), "-",J43/Fisheries[[#This Row],[2024]]) -> -1
A44: Negeri Sembilan | B44: 60.55 | C44: n.a | D44: 442.83 | E44: 1957.82 | G44: - | H44: =IF(OR(Fisheries[[#This Row],[2023]]="n.a",Fisheries[[#This Row],[2022]]="n.a"),"-",Fisheries[[#This Row],[2023]]-Fisheries[[#This Row],[2022]]) -> - | I44: =IF(OR(Fisheries[[#This Row],[2024]]="n.a",Fisheries[[#This Row],[2023]]="n.a"),"-",Fisheries[[#This Row],[2024]]-Fisheries[[#This Row],[2023]]) -> - | J44: =IF(OR(Fisheries[[#This Row],[2025]]="n.a",Fisheries[[#This Row],[2024]]="n.a"),"-",Fisheries[[#This Row],[2025]]-Fisheries[[#This Row],[2024]]) -> 1514.99 | L44: - | M44: =IF(OR(Fisheries[[#This Row],[2022]]="n.a", Fisheries[[#This Row],[2022]]=0, Fisheries[[#This Row],[2023]]="n.a"), "-",H44/Fisheries[[#This Row],[2022]]) -> - | N44: =IF(OR(Fisheries[[#This Row],[2023]]="n.a", Fisheries[[#This Row],[2023]]=0, Fisheries[[#This Row],[2024]]="n.a"), "-",I44/Fisheries[[#This Row],[2023]]) -> - | O44: =IF(OR(Fisheries[[#This Row],[2024]]="n.a", Fisheries[[#This Row],[2024]]=0, Fisheries[[#This Row],[2025]]="n.a"), "-",J44/Fisheries[[#This Row],[2024]]) -> 3.4211548
A45: Pahang | B45: 111 | C45: n.a | D45: 6461.7 | E45: 1570 | G45: - | H45: =IF(OR(Fisheries[[#This Row],[2023]]="n.a",Fisheries[[#This Row],[2022]]="n.a"),"-",Fisheries[[#This Row],[2023]]-Fisheries[[#This Row],[2022]]) -> - | I45: =IF(OR(Fisheries[[#This Row],[2024]]="n.a",Fisheries[[#This Row],[2023]]="n.a"),"-",Fisheries[[#This Row],[2024]]-Fisheries[[#This Row],[2023]]) -> - | J45: =IF(OR(Fisheries[[#This Row],[2025]]="n.a",Fisheries[[#This Row],[2024]]="n.a"),"-",Fisheries[[#This Row],[2025]]-Fisheries[[#This Row],[2024]]) -> -4891.7 | L45: - | M45: =IF(OR(Fisheries[[#This Row],[2022]]="n.a", Fisheries[[#This Row],[2022]]=0, Fisheries[[#This Row],[2023]]="n.a"), "-",H45/Fisheries[[#This Row],[2022]]) -> - | N45: =IF(OR(Fisheries[[#This Row],[2023]]="n.a", Fisheries[[#This Row],[2023]]=0, Fisheries[[#This Row],[2024]]="n.a"), "-",I45/Fisheries[[#This Row],[2023]]) -> - | O45: =IF(OR(Fisheries[[#This Row],[2024]]="n.a", Fisheries[[#This Row],[2024]]=0, Fisheries[[#This Row],[2025]]="n.a"), "-",J45/Fisheries[[#This Row],[2024]]) -> -0.75702988
A46: Pulau Pinang | B46: 3 | C46: n.a | D46: 50 | E46: 2334.4746 | G46: - | H46: =IF(OR(Fisheries[[#This Row],[2023]]="n.a",Fisheries[[#This Row],[2022]]="n.a"),"-",Fisheries[[#This Row],[2023]]-Fisheries[[#This Row],[2022]]) -> - | I46: =IF(OR(Fisheries[[#This Row],[2024]]="n.a",Fisheries[[#This Row],[2023]]="n.a"),"-",Fisheries[[#This Row],[2024]]-Fisheries[[#This Row],[2023]]) -> - | J46: =IF(OR(Fisheries[[#This Row],[2025]]="n.a",Fisheries[[#This Row],[2024]]="n.a"),"-",Fisheries[[#This Row],[2025]]-Fisheries[[#This Row],[2024]]) -> 2284.4746 | L46: - | M46: =IF(OR(Fisheries[[#This Row],[2022]]="n.a", Fisheries[[#This Row],[2022]]=0, Fisheries[[#This Row],[2023]]="n.a"), "-",H46/Fisheries[[#This Row],[2022]]) -> - | N46: =IF(OR(Fisheries[[#This Row],[2023]]="n.a", Fisheries[[#This Row],[2023]]=0, Fisheries[[#This Row],[2024]]="n.a"), "-",I46/Fisheries[[#This Row],[2023]]) -> - | O46: =IF(OR(Fisheries[[#This Row],[2024]]="n.a", Fisheries[[#This Row],[2024]]=0, Fisheries[[#This Row],[2025]]="n.a"), "-",J46/Fisheries[[#This Row],[2024]]) -> 45.689492
A47: Perak | B47: 153 | C47: n.a | D47: 150 | E47: 1986.64 | G47: - | H47: =IF(OR(Fisheries[[#This Row],[2023]]="n.a",Fisheries[[#This Row],[2022]]="n.a"),"-",Fisheries[[#This Row],[2023]]-Fisheries[[#This Row],[2022]]) -> - | I47: =IF(OR(Fisheries[[#This Row],[2024]]="n.a",Fisheries[[#This Row],[2023]]="n.a"),"-",Fisheries[[#This Row],[2024]]-Fisheries[[#This Row],[2023]]) -> - | J47: =IF(OR(Fisheries[[#This Row],[2025]]="n.a",Fisheries[[#This Row],[2024]]="n.a"),"-",Fisheries[[#This Row],[2025]]-Fisheries[[#This Row],[2024]]) -> 1836.64 | L47: - | M47: =IF(OR(Fisheries[[#This Row],[2022]]="n.a", Fisheries[[#This Row],[2022]]=0, Fisheries[[#This Row],[2023]]="n.a"), "-",H47/Fisheries[[#This Row],[2022]]) -> - | N47: =IF(OR(Fisheries[[#This Row],[2023]]="n.a", Fisheries[[#This Row],[2023]]=0, Fisheries[[#This Row],[2024]]="n.a"), "-",I47/Fisheries[[#This Row],[2023]]) -> - | O47: =IF(OR(Fisheries[[#This Row],[2024]]="n.a", Fisheries[[#This Row],[2024]]=0, Fisheries[[#This Row],[2025]]="n.a"), "-",J47/Fisheries[[#This Row],[2024]]) -> 12.244267
A48: Perlis | B48: 0 | C48: n.a | D48: 0 | E48: 375.55 | G48: - | H48: =IF(OR(Fisheries[[#This Row],[2023]]="n.a",Fisheries[[#This Row],[2022]]="n.a"),"-",Fisheries[[#This Row],[2023]]-Fisheries[[#This Row],[2022]]) -> - | I48: =IF(OR(Fisheries[[#This Row],[2024]]="n.a",Fisheries[[#This Row],[2023]]="n.a"),"-",Fisheries[[#This Row],[2024]]-Fisheries[[#This Row],[2023]]) -> - | J48: =IF(OR(Fisheries[[#This Row],[2025]]="n.a",Fisheries[[#This Row],[2024]]="n.a"),"-",Fisheries[[#This Row],[2025]]-Fisheries[[#This Row],[2024]]) -> 375.55 | L48: - | M48: =IF(OR(Fisheries[[#This Row],[2022]]="n.a", Fisheries[[#This Row],[2022]]=0, Fisheries[[#This Row],[2023]]="n.a"), "-",H48/Fisheries[[#This Row],[2022]]) -> - | N48: =IF(OR(Fisheries[[#This Row],[2023]]="n.a", Fisheries[[#This Row],[2023]]=0, Fisheries[[#This Row],[2024]]="n.a"), "-",I48/Fisheries[[#This Row],[2023]]) -> - | O48: =IF(OR(Fisheries[[#This Row],[2024]]="n.a", Fisheries[[#This Row],[2024]]=0, Fisheries[[#This Row],[2025]]="n.a"), "-",J48/Fisheries[[#This Row],[2024]]) -> -
A49: Selangor | B49: 36 | C49: n.a | D49: 171.49 | E49: 5054.2 | G49: - | H49: =IF(OR(Fisheries[[#This Row],[2023]]="n.a",Fisheries[[#This Row],[2022]]="n.a"),"-",Fisheries[[#This Row],[2023]]-Fisheries[[#This Row],[2022]]) -> - | I49: =IF(OR(Fisheries[[#This Row],[2024]]="n.a",Fisheries[[#This Row],[2023]]="n.a"),"-",Fisheries[[#This Row],[2024]]-Fisheries[[#This Row],[2023]]) -> - | J49: =IF(OR(Fisheries[[#This Row],[2025]]="n.a",Fisheries[[#This Row],[2024]]="n.a"),"-",Fisheries[[#This Row],[2025]]-Fisheries[[#This Row],[2024]]) -> 4882.71 | L49: - | M49: =IF(OR(Fisheries[[#This Row],[2022]]="n.a", Fisheries[[#This Row],[2022]]=0, Fisheries[[#This Row],[2023]]="n.a"), "-",H49/Fisheries[[#This Row],[2022]]) -> - | N49: =IF(OR(Fisheries[[#This Row],[2023]]="n.a", Fisheries[[#This Row],[2023]]=0, Fisheries[[#This Row],[2024]]="n.a"), "-",I49/Fisheries[[#This Row],[2023]]) -> - | O49: =IF(OR(Fisheries[[#This Row],[2024]]="n.a", Fisheries[[#This Row],[2024]]=0, Fisheries[[#This Row],[2025]]="n.a"), "-",J49/Fisheries[[#This Row],[2024]]) -> 28.472272
A50: Terengganu | B50: 279.18 | C50: n.a | D50: 2768.7115 | E50: 222.7 | G50: - | H50: =IF(OR(Fisheries[[#This Row],[2023]]="n.a",Fisheries[[#This Row],[2022]]="n.a"),"-",Fisheries[[#This Row],[2023]]-Fisheries[[#This Row],[2022]]) -> - | I50: =IF(OR(Fisheries[[#This Row],[2024]]="n.a",Fisheries[[#This Row],[2023]]="n.a"),"-",Fisheries[[#This Row],[2024]]-Fisheries[[#This Row],[2023]]) -> - | J50: =IF(OR(Fisheries[[#This Row],[2025]]="n.a",Fisheries[[#This Row],[2024]]="n.a"),"-",Fisheries[[#This Row],[2025]]-Fisheries[[#This Row],[2024]]) -> -2546.0115 | L50: - | M50: =IF(OR(Fisheries[[#This Row],[2022]]="n.a", Fisheries[[#This Row],[2022]]=0, Fisheries[[#This Row],[2023]]="n.a"), "-",H50/Fisheries[[#This Row],[2022]]) -> - | N50: =IF(OR(Fisheries[[#This Row],[2023]]="n.a", Fisheries[[#This Row],[2023]]=0, Fisheries[[#This Row],[2024]]="n.a"), "-",I50/Fisheries[[#This Row],[2023]]) -> - | O50: =IF(OR(Fisheries[[#This Row],[2024]]="n.a", Fisheries[[#This Row],[2024]]=0, Fisheries[[#This Row],[2025]]="n.a"), "-",J50/Fisheries[[#This Row],[2024]]) -> -0.91956547
A51: Sabah | B51: 0 | C51: n.a | D51: 0 | E51: 3088.48 | G51: - | H51: =IF(OR(Fisheries[[#This Row],[2023]]="n.a",Fisheries[[#This Row],[2022]]="n.a"),"-",Fisheries[[#This Row],[2023]]-Fisheries[[#This Row],[2022]]) -> - | I51: =IF(OR(Fisheries[[#This Row],[2024]]="n.a",Fisheries[[#This Row],[2023]]="n.a"),"-",Fisheries[[#This Row],[2024]]-Fisheries[[#This Row],[2023]]) -> - | J51: =IF(OR(Fisheries[[#This Row],[2025]]="n.a",Fisheries[[#This Row],[2024]]="n.a"),"-",Fisheries[[#This Row],[2025]]-Fisheries[[#This Row],[2024]]) -> 3088.48 | L51: - | M51: =IF(OR(Fisheries[[#This Row],[2022]]="n.a", Fisheries[[#This Row],[2022]]=0, Fisheries[[#This Row],[2023]]="n.a"), "-",H51/Fisheries[[#This Row],[2022]]) -> - | N51: =IF(OR(Fisheries[[#This Row],[2023]]="n.a", Fisheries[[#This Row],[2023]]=0, Fisheries[[#This Row],[2024]]="n.a"), "-",I51/Fisheries[[#This Row],[2023]]) -> - | O51: =IF(OR(Fisheries[[#This Row],[2024]]="n.a", Fisheries[[#This Row],[2024]]=0, Fisheries[[#This Row],[2025]]="n.a"), "-",J51/Fisheries[[#This Row],[2024]]) -> -
... A53: W.P. Kuala Lumpur | B53: 0 | C53: n.a | D53: 0 | E53: 0 | G53: - | H53: =IF(OR(Fisheries[[#This Row],[2023]]="n.a",Fisheries[[#This Row],[2022]]="n.a"),"-",Fisheries[[#This Row],[2023]]-Fisheries[[#This Row],[2022]]) -> - | I53: =IF(OR(Fisheries[[#This Row],[2024]]="n.a",Fisheries[[#This Row],[2023]]="n.a"),"-",Fisheries[[#This Row],[2024]]-Fisheries[[#This Row],[2023]]) -> - | J53: =IF(OR(Fisheries[[#This Row],[2025]]="n.a",Fisheries[[#This Row],[2024]]="n.a"),"-",Fisheries[[#This Row],[2025]]-Fisheries[[#This Row],[2024]]) -> 0 | L53: - | M53: =IF(OR(Fisheries[[#This Row],[2022]]="n.a", Fisheries[[#This Row],[2022]]=0, Fisheries[[#This Row],[2023]]="n.a"), "-",H53/Fisheries[[#This Row],[2022]]) -> - | N53: =IF(OR(Fisheries[[#This Row],[2023]]="n.a", Fisheries[[#This Row],[2023]]=0, Fisheries[[#This Row],[2024]]="n.a"), "-",I53/Fisheries[[#This Row],[2023]]) -> - | O53: =IF(OR(Fisheries[[#This Row],[2024]]="n.a", Fisheries[[#This Row],[2024]]=0, Fisheries[[#This Row],[2025]]="n.a"), "-",J53/Fisheries[[#This Row],[2024]]) -> -
A55: Negeri State | B55: (D) Ternakan Livestock (RM '000) | G55: Movement | L55: % change YoY
A56: Year | B56: 2022 | C56: 2023 | D56: 2024 | E56: 2025 | G56: 2022 | H56: 2023 | I56: 2024 | J56: 2025 | L56: 2022 | M56: 2023 | N56: 2024 | O56: 2025
A57: Malaysia | B57: 36898.81 | C57: 15461.935 | D57: 4198.655 | E57: 3121.4591 | G57: - | H57: =IF(OR(Livestock[[#This Row],[2023]]="n.a",Livestock[[#This Row],[2022]]="n.a"),"-",Livestock[[#This Row],[2023]]-Livestock[[#This Row],[2022]]) -> -21436.875 | I57: =IF(OR(Livestock[[#This Row],[2024]]="n.a",Livestock[[#This Row],[2023]]="n.a"),"-",Livestock[[#This Row],[2024]]-Livestock[[#This Row],[2023]]) -> -11263.28 | J57: =IF(OR(Livestock[[#This Row],[2025]]="n.a",Livestock[[#This Row],[2024]]="n.a"),"-",Livestock[[#This Row],[2025]]-Livestock[[#This Row],[2024]]) -> -1077.1959 | L57: - | M57: =IF(OR(Livestock[[#This Row],[2022]]="n.a", Livestock[[#This Row],[2022]]=0, Livestock[[#This Row],[2023]]="n.a"), "-",H57/Livestock[[#This Row],[2022]]) -> -0.58096386 | N57: =IF(OR(Livestock[[#This Row],[2023]]="n.a", Livestock[[#This Row],[2023]]=0, Livestock[[#This Row],[2024]]="n.a"), "-",I57/Livestock[[#This Row],[2023]]) -> -0.72845216 | O57: =IF(OR(Livestock[[#This Row],[2024]]="n.a", Livestock[[#This Row],[2024]]=0, Livestock[[#This Row],[2025]]="n.a"), "-",J57/Livestock[[#This Row],[2024]]) -> -0.25655738
A58: Johor | B58: 0 | C58: n.a | D58: 52.35 | E58: 54.329 | G58: - | H58: =IF(OR(Livestock[[#This Row],[2023]]="n.a",Livestock[[#This Row],[2022]]="n.a"),"-",Livestock[[#This Row],[2023]]-Livestock[[#This Row],[2022]]) -> - | I58: =IF(OR(Livestock[[#This Row],[2024]]="n.a",Livestock[[#This Row],[2023]]="n.a"),"-",Livestock[[#This Row],[2024]]-Livestock[[#This Row],[2023]]) -> - | J58: =IF(OR(Livestock[[#This Row],[2025]]="n.a",Livestock[[#This Row],[2024]]="n.a"),"-",Livestock[[#This Row],[2025]]-Livestock[[#This Row],[2024]]) -> 1.979 | L58: - | M58: =IF(OR(Livestock[[#This Row],[2022]]="n.a", Livestock[[#This Row],[2022]]=0, Livestock[[#This Row],[2023]]="n.a"), "-",H58/Livestock[[#This Row],[2022]]) -> - | N58: =IF(OR(Livestock[[#This Row],[2023]]="n.a", Livestock[[#This Row],[2023]]=0, Livestock[[#This Row],[2024]]="n.a"), "-",I58/Livestock[[#This Row],[2023]]) -> - | O58: =IF(OR(Livestock[[#This Row],[2024]]="n.a", Livestock[[#This Row],[2024]]=0, Livestock[[#This Row],[2025]]="n.a"), "-",J58/Livestock[[#This Row],[2024]]) -> 0.037803247
A59: Kedah | B59: 0 | C59: n.a | D59: 268.715 | E59: 579.09 | G59: - | H59: =IF(OR(Livestock[[#This Row],[2023]]="n.a",Livestock[[#This Row],[2022]]="n.a"),"-",Livestock[[#This Row],[2023]]-Livestock[[#This Row],[2022]]) -> - | I59: =IF(OR(Livestock[[#This Row],[2024]]="n.a",Livestock[[#This Row],[2023]]="n.a"),"-",Livestock[[#This Row],[2024]]-Livestock[[#This Row],[2023]]) -> - | J59: =IF(OR(Livestock[[#This Row],[2025]]="n.a",Livestock[[#This Row],[2024]]="n.a"),"-",Livestock[[#This Row],[2025]]-Livestock[[#This Row],[2024]]) -> 310.375 | L59: - | M59: =IF(OR(Livestock[[#This Row],[2022]]="n.a", Livestock[[#This Row],[2022]]=0, Livestock[[#This Row],[2023]]="n.a"), "-",H59/Livestock[[#This Row],[2022]]) -> - | N59: =IF(OR(Livestock[[#This Row],[2023]]="n.a", Livestock[[#This Row],[2023]]=0, Livestock[[#This Row],[2024]]="n.a"), "-",I59/Livestock[[#This Row],[2023]]) -> - | O59: =IF(OR(Livestock[[#This Row],[2024]]="n.a", Livestock[[#This Row],[2024]]=0, Livestock[[#This Row],[2025]]="n.a"), "-",J59/Livestock[[#This Row],[2024]]) -> 1.1550341
A60: Kelantan | B60: 352.636 | C60: n.a | D60: 2158.798 | E60: 780.602 | G60: - | H60: =IF(OR(Livestock[[#This Row],[2023]]="n.a",Livestock[[#This Row],[2022]]="n.a"),"-",Livestock[[#This Row],[2023]]-Livestock[[#This Row],[2022]]) -> - | I60: =IF(OR(Livestock[[#This Row],[2024]]="n.a",Livestock[[#This Row],[2023]]="n.a"),"-",Livestock[[#This Row],[2024]]-Livestock[[#This Row],[2023]]) -> - | J60: =IF(OR(Livestock[[#This Row],[2025]]="n.a",Livestock[[#This Row],[2024]]="n.a"),"-",Livestock[[#This Row],[2025]]-Livestock[[#This Row],[2024]]) -> -1378.196 | L60: - | M60: =IF(OR(Livestock[[#This Row],[2022]]="n.a", Livestock[[#This Row],[2022]]=0, Livestock[[#This Row],[2023]]="n.a"), "-",H60/Livestock[[#This Row],[2022]]) -> - | N60: =IF(OR(Livestock[[#This Row],[2023]]="n.a", Livestock[[#This Row],[2023]]=0, Livestock[[#This Row],[2024]]="n.a"), "-",I60/Livestock[[#This Row],[2023]]) -> - | O60: =IF(OR(Livestock[[#This Row],[2024]]="n.a", Livestock[[#This Row],[2024]]=0, Livestock[[#This Row],[2025]]="n.a"), "-",J60/Livestock[[#This Row],[2024]]) -> -0.63840897
A61: Melaka | B61: 0 | C61: n.a | D61: 96.9 | E61: 280.298 | G61: - | H61: =IF(OR(Livestock[[#This Row],[2023]]="n.a",Livestock[[#This Row],[2022]]="n.a"),"-",Livestock[[#This Row],[2023]]-Livestock[[#This Row],[2022]]) -> - | I61: =IF(OR(Livestock[[#This Row],[2024]]="n.a",Livestock[[#This Row],[2023]]="n.a"),"-",Livestock[[#This Row],[2024]]-Livestock[[#This Row],[2023]]) -> - | J61: =IF(OR(Livestock[[#This Row],[2025]]="n.a",Livestock[[#This Row],[2024]]="n.a"),"-",Livestock[[#This Row],[2025]]-Livestock[[#This Row],[2024]]) -> 183.398 | L61: - | M61: =IF(OR(Livestock[[#This Row],[2022]]="n.a", Livestock[[#This Row],[2022]]=0, Livestock[[#This Row],[2023]]="n.a"), "-",H61/Livestock[[#This Row],[2022]]) -> - | N61: =IF(OR(Livestock[[#This Row],[2023]]="n.a", Livestock[[#This Row],[2023]]=0, Livestock[[#This Row],[2024]]="n.a"), "-",I61/Livestock[[#This Row],[2023]]) -> - | O61: =IF(OR(Livestock[[#This Row],[2024]]="n.a", Livestock[[#This Row],[2024]]=0, Livestock[[#This Row],[2025]]="n.a"), "-",J61/Livestock[[#This Row],[2024]]) -> 1.8926522
A62: Negeri Sembilan | B62: 0 | C62: n.a | D62: 68.39 | E62: 21.5352 | G62: - | H62: =IF(OR(Livestock[[#This Row],[2023]]="n.a",Livestock[[#This Row],[2022]]="n.a"),"-",Livestock[[#This Row],[2023]]-Livestock[[#This Row],[2022]]) -> - | I62: =IF(OR(Livestock[[#This Row],[2024]]="n.a",Livestock[[#This Row],[2023]]="n.a"),"-",Livestock[[#This Row],[2024]]-Livestock[[#This Row],[2023]]) -> - | J62: =IF(OR(Livestock[[#This Row],[2025]]="n.a",Livestock[[#This Row],[2024]]="n.a"),"-",Livestock[[#This Row],[2025]]-Livestock[[#This Row],[2024]]) -> -46.8548 | L62: - | M62: =IF(OR(Livestock[[#This Row],[2022]]="n.a", Livestock[[#This Row],[2022]]=0, Livestock[[#This Row],[2023]]="n.a"), "-",H62/Livestock[[#This Row],[2022]]) -> - | N62: =IF(OR(Livestock[[#This Row],[2023]]="n.a", Livestock[[#This Row],[2023]]=0, Livestock[[#This Row],[2024]]="n.a"), "-",I62/Livestock[[#This Row],[2023]]) -> - | O62: =IF(OR(Livestock[[#This Row],[2024]]="n.a", Livestock[[#This Row],[2024]]=0, Livestock[[#This Row],[2025]]="n.a"), "-",J62/Livestock[[#This Row],[2024]]) -> -0.68511186
A63: Pahang | B63: 10 | C63: n.a | D63: 189.5 | E63: 281.49936 | G63: - | H63: =IF(OR(Livestock[[#This Row],[2023]]="n.a",Livestock[[#This Row],[2022]]="n.a"),"-",Livestock[[#This Row],[2023]]-Livestock[[#This Row],[2022]]) -> - | I63: =IF(OR(Livestock[[#This Row],[2024]]="n.a",Livestock[[#This Row],[2023]]="n.a"),"-",Livestock[[#This Row],[2024]]-Livestock[[#This Row],[2023]]) -> - | J63: =IF(OR(Livestock[[#This Row],[2025]]="n.a",Livestock[[#This Row],[2024]]="n.a"),"-",Livestock[[#This Row],[2025]]-Livestock[[#This Row],[2024]]) -> 91.99936 | L63: - | M63: =IF(OR(Livestock[[#This Row],[2022]]="n.a", Livestock[[#This Row],[2022]]=0, Livestock[[#This Row],[2023]]="n.a"), "-",H63/Livestock[[#This Row],[2022]]) -> - | N63: =IF(OR(Livestock[[#This Row],[2023]]="n.a", Livestock[[#This Row],[2023]]=0, Livestock[[#This Row],[2024]]="n.a"), "-",I63/Livestock[[#This Row],[2023]]) -> - | O63: =IF(OR(Livestock[[#This Row],[2024]]="n.a", Livestock[[#This Row],[2024]]=0, Livestock[[#This Row],[2025]]="n.a"), "-",J63/Livestock[[#This Row],[2024]]) -> 0.48548475
A64: Pulau Pinang | B64: 0 | C64: n.a | D64: 0 | E64: 6.61 | G64: - | H64: =IF(OR(Livestock[[#This Row],[2023]]="n.a",Livestock[[#This Row],[2022]]="n.a"),"-",Livestock[[#This Row],[2023]]-Livestock[[#This Row],[2022]]) -> - | I64: =IF(OR(Livestock[[#This Row],[2024]]="n.a",Livestock[[#This Row],[2023]]="n.a"),"-",Livestock[[#This Row],[2024]]-Livestock[[#This Row],[2023]]) -> - | J64: =IF(OR(Livestock[[#This Row],[2025]]="n.a",Livestock[[#This Row],[2024]]="n.a"),"-",Livestock[[#This Row],[2025]]-Livestock[[#This Row],[2024]]) -> 6.61 | L64: - | M64: =IF(OR(Livestock[[#This Row],[2022]]="n.a", Livestock[[#This Row],[2022]]=0, Livestock[[#This Row],[2023]]="n.a"), "-",H64/Livestock[[#This Row],[2022]]) -> - | N64: =IF(OR(Livestock[[#This Row],[2023]]="n.a", Livestock[[#This Row],[2023]]=0, Livestock[[#This Row],[2024]]="n.a"), "-",I64/Livestock[[#This Row],[2023]]) -> - | O64: =IF(OR(Livestock[[#This Row],[2024]]="n.a", Livestock[[#This Row],[2024]]=0, Livestock[[#This Row],[2025]]="n.a"), "-",J64/Livestock[[#This Row],[2024]]) -> -
A65: Perak | B65: 10 | C65: n.a | D65: 25.5 | E65: 0 | G65: - | H65: =IF(OR(Livestock[[#This Row],[2023]]="n.a",Livestock[[#This Row],[2022]]="n.a"),"-",Livestock[[#This Row],[2023]]-Livestock[[#This Row],[2022]]) -> - | I65: =IF(OR(Livestock[[#This Row],[2024]]="n.a",Livestock[[#This Row],[2023]]="n.a"),"-",Livestock[[#This Row],[2024]]-Livestock[[#This Row],[2023]]) -> - | J65: =IF(OR(Livestock[[#This Row],[2025]]="n.a",Livestock[[#This Row],[2024]]="n.a"),"-",Livestock[[#This Row],[2025]]-Livestock[[#This Row],[2024]]) -> -25.5 | L65: - | M65: =IF(OR(Livestock[[#This Row],[2022]]="n.a", Livestock[[#This Row],[2022]]=0, Livestock[[#This Row],[2023]]="n.a"), "-",H65/Livestock[[#This Row],[2022]]) -> - | N65: =IF(OR(Livestock[[#This Row],[2023]]="n.a", Livestock[[#This Row],[2023]]=0, Livestock[[#This Row],[2024]]="n.a"), "-",I65/Livestock[[#This Row],[2023]]) -> - | O65: =IF(OR(Livestock[[#This Row],[2024]]="n.a", Livestock[[#This Row],[2024]]=0, Livestock[[#This Row],[2025]]="n.a"), "-",J65/Livestock[[#This Row],[2024]]) -> -1
A66: Perlis | B66: 0 | C66: n.a | D66: 0 | E66: 465.023 | G66: - | H66: =IF(OR(Livestock[[#This Row],[2023]]="n.a",Livestock[[#This Row],[2022]]="n.a"),"-",Livestock[[#This Row],[2023]]-Livestock[[#This Row],[2022]]) -> - | I66: =IF(OR(Livestock[[#This Row],[2024]]="n.a",Livestock[[#This Row],[2023]]="n.a"),"-",Livestock[[#This Row],[2024]]-Livestock[[#This Row],[2023]]) -> - | J66: =IF(OR(Livestock[[#This Row],[2025]]="n.a",Livestock[[#This Row],[2024]]="n.a"),"-",Livestock[[#This Row],[2025]]-Livestock[[#This Row],[2024]]) -> 465.023 | L66: - | M66: =IF(OR(Livestock[[#This Row],[2022]]="n.a", Livestock[[#This Row],[2022]]=0, Livestock[[#This Row],[2023]]="n.a"), "-",H66/Livestock[[#This Row],[2022]]) -> - | N66: =IF(OR(Livestock[[#This Row],[2023]]="n.a", Livestock[[#This Row],[2023]]=0, Livestock[[#This Row],[2024]]="n.a"), "-",I66/Livestock[[#This Row],[2023]]) -> - | O66: =IF(OR(Livestock[[#This Row],[2024]]="n.a", Livestock[[#This Row],[2024]]=0, Livestock[[#This Row],[2025]]="n.a"), "-",J66/Livestock[[#This Row],[2024]]) -> -
A67: Selangor | B67: 0 | C67: n.a | D67: 0 | E67: 303.3305 | G67: - | H67: =IF(OR(Livestock[[#This Row],[2023]]="n.a",Livestock[[#This Row],[2022]]="n.a"),"-",Livestock[[#This Row],[2023]]-Livestock[[#This Row],[2022]]) -> - | I67: =IF(OR(Livestock[[#This Row],[2024]]="n.a",Livestock[[#This Row],[2023]]="n.a"),"-",Livestock[[#This Row],[2024]]-Livestock[[#This Row],[2023]]) -> - | J67: =IF(OR(Livestock[[#This Row],[2025]]="n.a",Livestock[[#This Row],[2024]]="n.a"),"-",Livestock[[#This Row],[2025]]-Livestock[[#This Row],[2024]]) -> 303.3305 | L67: - | M67: =IF(OR(Livestock[[#This Row],[2022]]="n.a", Livestock[[#This Row],[2022]]=0, Livestock[[#This Row],[2023]]="n.a"), "-",H67/Livestock[[#This Row],[2022]]) -> - | N67: =IF(OR(Livestock[[#This Row],[2023]]="n.a", Livestock[[#This Row],[2023]]=0, Livestock[[#This Row],[2024]]="n.a"), "-",I67/Livestock[[#This Row],[2023]]) -> - | O67: =IF(OR(Livestock[[#This Row],[2024]]="n.a", Livestock[[#This Row],[2024]]=0, Livestock[[#This Row],[2025]]="n.a"), "-",J67/Livestock[[#This Row],[2024]]) -> -
A68: Terengganu | B68: 36526.174 | C68: n.a | D68: 1294.125 | E68: 0 | G68: - | H68: =IF(OR(Livestock[[#This Row],[2023]]="n.a",Livestock[[#This Row],[2022]]="n.a"),"-",Livestock[[#This Row],[2023]]-Livestock[[#This Row],[2022]]) -> - | I68: =IF(OR(Livestock[[#This Row],[2024]]="n.a",Livestock[[#This Row],[2023]]="n.a"),"-",Livestock[[#This Row],[2024]]-Livestock[[#This Row],[2023]]) -> - | J68: =IF(OR(Livestock[[#This Row],[2025]]="n.a",Livestock[[#This Row],[2024]]="n.a"),"-",Livestock[[#This Row],[2025]]-Livestock[[#This Row],[2024]]) -> -1294.125 | L68: - | M68: =IF(OR(Livestock[[#This Row],[2022]]="n.a", Livestock[[#This Row],[2022]]=0, Livestock[[#This Row],[2023]]="n.a"), "-",H68/Livestock[[#This Row],[2022]]) -> - | N68: =IF(OR(Livestock[[#This Row],[2023]]="n.a", Livestock[[#This Row],[2023]]=0, Livestock[[#This Row],[2024]]="n.a"), "-",I68/Livestock[[#This Row],[2023]]) -> - | O68: =IF(OR(Livestock[[#This Row],[2024]]="n.a", Livestock[[#This Row],[2024]]=0, Livestock[[#This Row],[2025]]="n.a"), "-",J68/Livestock[[#This Row],[2024]]) -> -1
A69: Sabah | B69: 0 | C69: n.a | D69: 44.377 | E69: 349.142 | G69: - | H69: =IF(OR(Livestock[[#This Row],[2023]]="n.a",Livestock[[#This Row],[2022]]="n.a"),"-",Livestock[[#This Row],[2023]]-Livestock[[#This Row],[2022]]) -> - | I69: =IF(OR(Livestock[[#This Row],[2024]]="n.a",Livestock[[#This Row],[2023]]="n.a"),"-",Livestock[[#This Row],[2024]]-Livestock[[#This Row],[2023]]) -> - | J69: =IF(OR(Livestock[[#This Row],[2025]]="n.a",Livestock[[#This Row],[2024]]="n.a"),"-",Livestock[[#This Row],[2025]]-Livestock[[#This Row],[2024]]) -> 304.765 | L69: - | M69: =IF(OR(Livestock[[#This Row],[2022]]="n.a", Livestock[[#This Row],[2022]]=0, Livestock[[#This Row],[2023]]="n.a"), "-",H69/Livestock[[#This Row],[2022]]) -> - | N69: =IF(OR(Livestock[[#This Row],[2023]]="n.a", Livestock[[#This Row],[2023]]=0, Livestock[[#This Row],[2024]]="n.a"), "-",I69/Livestock[[#This Row],[2023]]) -> - | O69: =IF(OR(Livestock[[#This Row],[2024]]="n.a", Livestock[[#This Row],[2024]]=0, Livestock[[#This Row],[2025]]="n.a"), "-",J69/Livestock[[#This Row],[2024]]) -> 6.8676341
... A71: W.P. Kuala Lumpur | B71: 0 | C71: n.a | D71: 0 | E71: 0 | G71: - | H71: =IF(OR(Livestock[[#This Row],[2023]]="n.a",Livestock[[#This Row],[2022]]="n.a"),"-",Livestock[[#This Row],[2023]]-Livestock[[#This Row],[2022]]) -> - | I71: =IF(OR(Livestock[[#This Row],[2024]]="n.a",Livestock[[#This Row],[2023]]="n.a"),"-",Livestock[[#This Row],[2024]]-Livestock[[#This Row],[2023]]) -> - | J71: =IF(OR(Livestock[[#This Row],[2025]]="n.a",Livestock[[#This Row],[2024]]="n.a"),"-",Livestock[[#This Row],[2025]]-Livestock[[#This Row],[2024]]) -> 0 | L71: - | M71: =IF(OR(Livestock[[#This Row],[2022]]="n.a", Livestock[[#This Row],[2022]]=0, Livestock[[#This Row],[2023]]="n.a"), "-",H71/Livestock[[#This Row],[2022]]) -> - | N71: =IF(OR(Livestock[[#This Row],[2023]]="n.a", Livestock[[#This Row],[2023]]=0, Livestock[[#This Row],[2024]]="n.a"), "-",I71/Livestock[[#This Row],[2023]]) -> - | O71: =IF(OR(Livestock[[#This Row],[2024]]="n.a", Livestock[[#This Row],[2024]]=0, Livestock[[#This Row],[2025]]="n.a"), "-",J71/Livestock[[#This Row],[2024]]) -> -
A73: Negeri State | B73: (E) Nelayan Fisherman (RM '000) | G73: Movement | L73: % change YoY
A74: Year | B74: 2022 | C74: 2023 | D74: 2024 | E74: 2025 | G74: 2022 | H74: 2023 | I74: 2024 | J74: 2025 | L74: 2022 | M74: 2023 | N74: 2024 | O74: 2025
A75: Malaysia | B75: 16.5 | C75: 16.5 | D75: 0 | E75: 0 | G75: - | H75: =IF(OR(Fisherman[[#This Row],[2023]]="n.a",Fisherman[[#This Row],[2022]]="n.a"),"-",Fisherman[[#This Row],[2023]]-Fisherman[[#This Row],[2022]]) -> 0 | I75: =IF(OR(Fisherman[[#This Row],[2024]]="n.a",Fisherman[[#This Row],[2023]]="n.a"),"-",Fisherman[[#This Row],[2024]]-Fisherman[[#This Row],[2023]]) -> -16.5 | J75: =IF(OR(Fisherman[[#This Row],[2025]]="n.a",Fisherman[[#This Row],[2024]]="n.a"),"-",Fisherman[[#This Row],[2025]]-Fisherman[[#This Row],[2024]]) -> 0 | L75: - | M75: =IF(OR(Fisherman[[#This Row],[2022]]="n.a", Fisherman[[#This Row],[2022]]=0, Fisherman[[#This Row],[2023]]="n.a"), "-",H75/Fisherman[[#This Row],[2022]]) -> 0 | N75: =IF(OR(Fisherman[[#This Row],[2023]]="n.a", Fisherman[[#This Row],[2023]]=0, Fisherman[[#This Row],[2024]]="n.a"), "-",I75/Fisherman[[#This Row],[2023]]) -> -1 | O75: =IF(OR(Fisherman[[#This Row],[2024]]="n.a", Fisherman[[#This Row],[2024]]=0, Fisherman[[#This Row],[2025]]="n.a"), "-",J75/Fisherman[[#This Row],[2024]]) -> -
A76: Johor | B76: 0 | C76: n.a | D76: 0 | E76: 0 | G76: - | H76: =IF(OR(Fisherman[[#This Row],[2023]]="n.a",Fisherman[[#This Row],[2022]]="n.a"),"-",Fisherman[[#This Row],[2023]]-Fisherman[[#This Row],[2022]]) -> - | I76: =IF(OR(Fisherman[[#This Row],[2024]]="n.a",Fisherman[[#This Row],[2023]]="n.a"),"-",Fisherman[[#This Row],[2024]]-Fisherman[[#This Row],[2023]]) -> - | J76: =IF(OR(Fisherman[[#This Row],[2025]]="n.a",Fisherman[[#This Row],[2024]]="n.a"),"-",Fisherman[[#This Row],[2025]]-Fisherman[[#This Row],[2024]]) -> 0 | L76: - | M76: =IF(OR(Fisherman[[#This Row],[2022]]="n.a", Fisherman[[#This Row],[2022]]=0, Fisherman[[#This Row],[2023]]="n.a"), "-",H76/Fisherman[[#This Row],[2022]]) -> - | N76: =IF(OR(Fisherman[[#This Row],[2023]]="n.a", Fisherman[[#This Row],[2023]]=0, Fisherman[[#This Row],[2024]]="n.a"), "-",I76/Fisherman[[#This Row],[2023]]) -> - | O76: =IF(OR(Fisherman[[#This Row],[2024]]="n.a", Fisherman[[#This Row],[2024]]=0, Fisherman[[#This Row],[2025]]="n.a"), "-",J76/Fisherman[[#This Row],[2024]]) -> -
A77: Kedah | B77: 0 | C77: n.a | D77: 0 | E77: 0 | G77: - | H77: =IF(OR(Fisherman[[#This Row],[2023]]="n.a",Fisherman[[#This Row],[2022]]="n.a"),"-",Fisherman[[#This Row],[2023]]-Fisherman[[#This Row],[2022]]) -> - | I77: =IF(OR(Fisherman[[#This Row],[2024]]="n.a",Fisherman[[#This Row],[2023]]="n.a"),"-",Fisherman[[#This Row],[2024]]-Fisherman[[#This Row],[2023]]) -> - | J77: =IF(OR(Fisherman[[#This Row],[2025]]="n.a",Fisherman[[#This Row],[2024]]="n.a"),"-",Fisherman[[#This Row],[2025]]-Fisherman[[#This Row],[2024]]) -> 0 | L77: - | M77: =IF(OR(Fisherman[[#This Row],[2022]]="n.a", Fisherman[[#This Row],[2022]]=0, Fisherman[[#This Row],[2023]]="n.a"), "-",H77/Fisherman[[#This Row],[2022]]) -> - | N77: =IF(OR(Fisherman[[#This Row],[2023]]="n.a", Fisherman[[#This Row],[2023]]=0, Fisherman[[#This Row],[2024]]="n.a"), "-",I77/Fisherman[[#This Row],[2023]]) -> - | O77: =IF(OR(Fisherman[[#This Row],[2024]]="n.a", Fisherman[[#This Row],[2024]]=0, Fisherman[[#This Row],[2025]]="n.a"), "-",J77/Fisherman[[#This Row],[2024]]) -> -
A78: Kelantan | B78: 0 | C78: n.a | D78: 0 | E78: 0 | G78: - | H78: =IF(OR(Fisherman[[#This Row],[2023]]="n.a",Fisherman[[#This Row],[2022]]="n.a"),"-",Fisherman[[#This Row],[2023]]-Fisherman[[#This Row],[2022]]) -> - | I78: =IF(OR(Fisherman[[#This Row],[2024]]="n.a",Fisherman[[#This Row],[2023]]="n.a"),"-",Fisherman[[#This Row],[2024]]-Fisherman[[#This Row],[2023]]) -> - | J78: =IF(OR(Fisherman[[#This Row],[2025]]="n.a",Fisherman[[#This Row],[2024]]="n.a"),"-",Fisherman[[#This Row],[2025]]-Fisherman[[#This Row],[2024]]) -> 0 | L78: - | M78: =IF(OR(Fisherman[[#This Row],[2022]]="n.a", Fisherman[[#This Row],[2022]]=0, Fisherman[[#This Row],[2023]]="n.a"), "-",H78/Fisherman[[#This Row],[2022]]) -> - | N78: =IF(OR(Fisherman[[#This Row],[2023]]="n.a", Fisherman[[#This Row],[2023]]=0, Fisherman[[#This Row],[2024]]="n.a"), "-",I78/Fisherman[[#This Row],[2023]]) -> - | O78: =IF(OR(Fisherman[[#This Row],[2024]]="n.a", Fisherman[[#This Row],[2024]]=0, Fisherman[[#This Row],[2025]]="n.a"), "-",J78/Fisherman[[#This Row],[2024]]) -> -
A79: Melaka | B79: 0 | C79: n.a | D79: 0 | E79: 0 | G79: - | H79: =IF(OR(Fisherman[[#This Row],[2023]]="n.a",Fisherman[[#This Row],[2022]]="n.a"),"-",Fisherman[[#This Row],[2023]]-Fisherman[[#This Row],[2022]]) -> - | I79: =IF(OR(Fisherman[[#This Row],[2024]]="n.a",Fisherman[[#This Row],[2023]]="n.a"),"-",Fisherman[[#This Row],[2024]]-Fisherman[[#This Row],[2023]]) -> - | J79: =IF(OR(Fisherman[[#This Row],[2025]]="n.a",Fisherman[[#This Row],[2024]]="n.a"),"-",Fisherman[[#This Row],[2025]]-Fisherman[[#This Row],[2024]]) -> 0 | L79: - | M79: =IF(OR(Fisherman[[#This Row],[2022]]="n.a", Fisherman[[#This Row],[2022]]=0, Fisherman[[#This Row],[2023]]="n.a"), "-",H79/Fisherman[[#This Row],[2022]]) -> - | N79: =IF(OR(Fisherman[[#This Row],[2023]]="n.a", Fisherman[[#This Row],[2023]]=0, Fisherman[[#This Row],[2024]]="n.a"), "-",I79/Fisherman[[#This Row],[2023]]) -> - | O79: =IF(OR(Fisherman[[#This Row],[2024]]="n.a", Fisherman[[#This Row],[2024]]=0, Fisherman[[#This Row],[2025]]="n.a"), "-",J79/Fisherman[[#This Row],[2024]]) -> -
A80: Negeri Sembilan | B80: 0 | C80: n.a | D80: 0 | E80: 0 | G80: - | H80: =IF(OR(Fisherman[[#This Row],[2023]]="n.a",Fisherman[[#This Row],[2022]]="n.a"),"-",Fisherman[[#This Row],[2023]]-Fisherman[[#This Row],[2022]]) -> - | I80: =IF(OR(Fisherman[[#This Row],[2024]]="n.a",Fisherman[[#This Row],[2023]]="n.a"),"-",Fisherman[[#This Row],[2024]]-Fisherman[[#This Row],[2023]]) -> - | J80: =IF(OR(Fisherman[[#This Row],[2025]]="n.a",Fisherman[[#This Row],[2024]]="n.a"),"-",Fisherman[[#This Row],[2025]]-Fisherman[[#This Row],[2024]]) -> 0 | L80: - | M80: =IF(OR(Fisherman[[#This Row],[2022]]="n.a", Fisherman[[#This Row],[2022]]=0, Fisherman[[#This Row],[2023]]="n.a"), "-",H80/Fisherman[[#This Row],[2022]]) -> - | N80: =IF(OR(Fisherman[[#This Row],[2023]]="n.a", Fisherman[[#This Row],[2023]]=0, Fisherman[[#This Row],[2024]]="n.a"), "-",I80/Fisherman[[#This Row],[2023]]) -> - | O80: =IF(OR(Fisherman[[#This Row],[2024]]="n.a", Fisherman[[#This Row],[2024]]=0, Fisherman[[#This Row],[2025]]="n.a"), "-",J80/Fisherman[[#This Row],[2024]]) -> -
A81: Pahang | B81: 0 | C81: n.a | D81: 0 | E81: 0 | G81: - | H81: =IF(OR(Fisherman[[#This Row],[2023]]="n.a",Fisherman[[#This Row],[2022]]="n.a"),"-",Fisherman[[#This Row],[2023]]-Fisherman[[#This Row],[2022]]) -> - | I81: =IF(OR(Fisherman[[#This Row],[2024]]="n.a",Fisherman[[#This Row],[2023]]="n.a"),"-",Fisherman[[#This Row],[2024]]-Fisherman[[#This Row],[2023]]) -> - | J81: =IF(OR(Fisherman[[#This Row],[2025]]="n.a",Fisherman[[#This Row],[2024]]="n.a"),"-",Fisherman[[#This Row],[2025]]-Fisherman[[#This Row],[2024]]) -> 0 | L81: - | M81: =IF(OR(Fisherman[[#This Row],[2022]]="n.a", Fisherman[[#This Row],[2022]]=0, Fisherman[[#This Row],[2023]]="n.a"), "-",H81/Fisherman[[#This Row],[2022]]) -> - | N81: =IF(OR(Fisherman[[#This Row],[2023]]="n.a", Fisherman[[#This Row],[2023]]=0, Fisherman[[#This Row],[2024]]="n.a"), "-",I81/Fisherman[[#This Row],[2023]]) -> - | O81: =IF(OR(Fisherman[[#This Row],[2024]]="n.a", Fisherman[[#This Row],[2024]]=0, Fisherman[[#This Row],[2025]]="n.a"), "-",J81/Fisherman[[#This Row],[2024]]) -> -
A82: Pulau Pinang | B82: 0 | C82: n.a | D82: 0 | E82: 0 | G82: - | H82: =IF(OR(Fisherman[[#This Row],[2023]]="n.a",Fisherman[[#This Row],[2022]]="n.a"),"-",Fisherman[[#This Row],[2023]]-Fisherman[[#This Row],[2022]]) -> - | I82: =IF(OR(Fisherman[[#This Row],[2024]]="n.a",Fisherman[[#This Row],[2023]]="n.a"),"-",Fisherman[[#This Row],[2024]]-Fisherman[[#This Row],[2023]]) -> - | J82: =IF(OR(Fisherman[[#This Row],[2025]]="n.a",Fisherman[[#This Row],[2024]]="n.a"),"-",Fisherman[[#This Row],[2025]]-Fisherman[[#This Row],[2024]]) -> 0 | L82: - | M82: =IF(OR(Fisherman[[#This Row],[2022]]="n.a", Fisherman[[#This Row],[2022]]=0, Fisherman[[#This Row],[2023]]="n.a"), "-",H82/Fisherman[[#This Row],[2022]]) -> - | N82: =IF(OR(Fisherman[[#This Row],[2023]]="n.a", Fisherman[[#This Row],[2023]]=0, Fisherman[[#This Row],[2024]]="n.a"), "-",I82/Fisherman[[#This Row],[2023]]) -> - | O82: =IF(OR(Fisherman[[#This Row],[2024]]="n.a", Fisherman[[#This Row],[2024]]=0, Fisherman[[#This Row],[2025]]="n.a"), "-",J82/Fisherman[[#This Row],[2024]]) -> -
A83: Perak | B83: 0 | C83: n.a | D83: 0 | E83: 0 | G83: - | H83: =IF(OR(Fisherman[[#This Row],[2023]]="n.a",Fisherman[[#This Row],[2022]]="n.a"),"-",Fisherman[[#This Row],[2023]]-Fisherman[[#This Row],[2022]]) -> - | I83: =IF(OR(Fisherman[[#This Row],[2024]]="n.a",Fisherman[[#This Row],[2023]]="n.a"),"-",Fisherman[[#This Row],[2024]]-Fisherman[[#This Row],[2023]]) -> - | J83: =IF(OR(Fisherman[[#This Row],[2025]]="n.a",Fisherman[[#This Row],[2024]]="n.a"),"-",Fisherman[[#This Row],[2025]]-Fisherman[[#This Row],[2024]]) -> 0 | L83: - | M83: =IF(OR(Fisherman[[#This Row],[2022]]="n.a", Fisherman[[#This Row],[2022]]=0, Fisherman[[#This Row],[2023]]="n.a"), "-",H83/Fisherman[[#This Row],[2022]]) -> - | N83: =IF(OR(Fisherman[[#This Row],[2023]]="n.a", Fisherman[[#This Row],[2023]]=0, Fisherman[[#This Row],[2024]]="n.a"), "-",I83/Fisherman[[#This Row],[2023]]) -> - | O83: =IF(OR(Fisherman[[#This Row],[2024]]="n.a", Fisherman[[#This Row],[2024]]=0, Fisherman[[#This Row],[2025]]="n.a"), "-",J83/Fisherman[[#This Row],[2024]]) -> -
A84: Perlis | B84: 0 | C84: n.a | D84: 0 | E84: 0 | G84: - | H84: =IF(OR(Fisherman[[#This Row],[2023]]="n.a",Fisherman[[#This Row],[2022]]="n.a"),"-",Fisherman[[#This Row],[2023]]-Fisherman[[#This Row],[2022]]) -> - | I84: =IF(OR(Fisherman[[#This Row],[2024]]="n.a",Fisherman[[#This Row],[2023]]="n.a"),"-",Fisherman[[#This Row],[2024]]-Fisherman[[#This Row],[2023]]) -> - | J84: =IF(OR(Fisherman[[#This Row],[2025]]="n.a",Fisherman[[#This Row],[2024]]="n.a"),"-",Fisherman[[#This Row],[2025]]-Fisherman[[#This Row],[2024]]) -> 0 | L84: - | M84: =IF(OR(Fisherman[[#This Row],[2022]]="n.a", Fisherman[[#This Row],[2022]]=0, Fisherman[[#This Row],[2023]]="n.a"), "-",H84/Fisherman[[#This Row],[2022]]) -> - | N84: =IF(OR(Fisherman[[#This Row],[2023]]="n.a", Fisherman[[#This Row],[2023]]=0, Fisherman[[#This Row],[2024]]="n.a"), "-",I84/Fisherman[[#This Row],[2023]]) -> - | O84: =IF(OR(Fisherman[[#This Row],[2024]]="n.a", Fisherman[[#This Row],[2024]]=0, Fisherman[[#This Row],[2025]]="n.a"), "-",J84/Fisherman[[#This Row],[2024]]) -> -
A85: Selangor | B85: 0 | C85: n.a | D85: 0 | E85: 0 | G85: - | H85: =IF(OR(Fisherman[[#This Row],[2023]]="n.a",Fisherman[[#This Row],[2022]]="n.a"),"-",Fisherman[[#This Row],[2023]]-Fisherman[[#This Row],[2022]]) -> - | I85: =IF(OR(Fisherman[[#This Row],[2024]]="n.a",Fisherman[[#This Row],[2023]]="n.a"),"-",Fisherman[[#This Row],[2024]]-Fisherman[[#This Row],[2023]]) -> - | J85: =IF(OR(Fisherman[[#This Row],[2025]]="n.a",Fisherman[[#This Row],[2024]]="n.a"),"-",Fisherman[[#This Row],[2025]]-Fisherman[[#This Row],[2024]]) -> 0 | L85: - | M85: =IF(OR(Fisherman[[#This Row],[2022]]="n.a", Fisherman[[#This Row],[2022]]=0, Fisherman[[#This Row],[2023]]="n.a"), "-",H85/Fisherman[[#This Row],[2022]]) -> - | N85: =IF(OR(Fisherman[[#This Row],[2023]]="n.a", Fisherman[[#This Row],[2023]]=0, Fisherman[[#This Row],[2024]]="n.a"), "-",I85/Fisherman[[#This Row],[2023]]) -> - | O85: =IF(OR(Fisherman[[#This Row],[2024]]="n.a", Fisherman[[#This Row],[2024]]=0, Fisherman[[#This Row],[2025]]="n.a"), "-",J85/Fisherman[[#This Row],[2024]]) -> -
A86: Terengganu | B86: 0 | C86: n.a | D86: 0 | E86: 0 | G86: - | H86: =IF(OR(Fisherman[[#This Row],[2023]]="n.a",Fisherman[[#This Row],[2022]]="n.a"),"-",Fisherman[[#This Row],[2023]]-Fisherman[[#This Row],[2022]]) -> - | I86: =IF(OR(Fisherman[[#This Row],[2024]]="n.a",Fisherman[[#This Row],[2023]]="n.a"),"-",Fisherman[[#This Row],[2024]]-Fisherman[[#This Row],[2023]]) -> - | J86: =IF(OR(Fisherman[[#This Row],[2025]]="n.a",Fisherman[[#This Row],[2024]]="n.a"),"-",Fisherman[[#This Row],[2025]]-Fisherman[[#This Row],[2024]]) -> 0 | L86: - | M86: =IF(OR(Fisherman[[#This Row],[2022]]="n.a", Fisherman[[#This Row],[2022]]=0, Fisherman[[#This Row],[2023]]="n.a"), "-",H86/Fisherman[[#This Row],[2022]]) -> - | N86: =IF(OR(Fisherman[[#This Row],[2023]]="n.a", Fisherman[[#This Row],[2023]]=0, Fisherman[[#This Row],[2024]]="n.a"), "-",I86/Fisherman[[#This Row],[2023]]) -> - | O86: =IF(OR(Fisherman[[#This Row],[2024]]="n.a", Fisherman[[#This Row],[2024]]=0, Fisherman[[#This Row],[2025]]="n.a"), "-",J86/Fisherman[[#This Row],[2024]]) -> -
A87: Sabah | B87: 0 | C87: n.a | D87: 0 | E87: 0 | G87: - | H87: =IF(OR(Fisherman[[#This Row],[2023]]="n.a",Fisherman[[#This Row],[2022]]="n.a"),"-",Fisherman[[#This Row],[2023]]-Fisherman[[#This Row],[2022]]) -> - | I87: =IF(OR(Fisherman[[#This Row],[2024]]="n.a",Fisherman[[#This Row],[2023]]="n.a"),"-",Fisherman[[#This Row],[2024]]-Fisherman[[#This Row],[2023]]) -> - | J87: =IF(OR(Fisherman[[#This Row],[2025]]="n.a",Fisherman[[#This Row],[2024]]="n.a"),"-",Fisherman[[#This Row],[2025]]-Fisherman[[#This Row],[2024]]) -> 0 | L87: - | M87: =IF(OR(Fisherman[[#This Row],[2022]]="n.a", Fisherman[[#This Row],[2022]]=0, Fisherman[[#This Row],[2023]]="n.a"), "-",H87/Fisherman[[#This Row],[2022]]) -> - | N87: =IF(OR(Fisherman[[#This Row],[2023]]="n.a", Fisherman[[#This Row],[2023]]=0, Fisherman[[#This Row],[2024]]="n.a"), "-",I87/Fisherman[[#This Row],[2023]]) -> - | O87: =IF(OR(Fisherman[[#This Row],[2024]]="n.a", Fisherman[[#This Row],[2024]]=0, Fisherman[[#This Row],[2025]]="n.a"), "-",J87/Fisherman[[#This Row],[2024]]) -> -
... A89: W.P. Kuala Lumpur | B89: 0 | C89: n.a | D89: 0 | E89: 0 | G89: - | H89: =IF(OR(Fisherman[[#This Row],[2023]]="n.a",Fisherman[[#This Row],[2022]]="n.a"),"-",Fisherman[[#This Row],[2023]]-Fisherman[[#This Row],[2022]]) -> - | I89: =IF(OR(Fisherman[[#This Row],[2024]]="n.a",Fisherman[[#This Row],[2023]]="n.a"),"-",Fisherman[[#This Row],[2024]]-Fisherman[[#This Row],[2023]]) -> - | J89: =IF(OR(Fisherman[[#This Row],[2025]]="n.a",Fisherman[[#This Row],[2024]]="n.a"),"-",Fisherman[[#This Row],[2025]]-Fisherman[[#This Row],[2024]]) -> 0 | L89: - | M89: =IF(OR(Fisherman[[#This Row],[2022]]="n.a", Fisherman[[#This Row],[2022]]=0, Fisherman[[#This Row],[2023]]="n.a"), "-",H89/Fisherman[[#This Row],[2022]]) -> - | N89: =IF(OR(Fisherman[[#This Row],[2023]]="n.a", Fisherman[[#This Row],[2023]]=0, Fisherman[[#This Row],[2024]]="n.a"), "-",I89/Fisherman[[#This Row],[2023]]) -> - | O89: =IF(OR(Fisherman[[#This Row],[2024]]="n.a", Fisherman[[#This Row],[2024]]=0, Fisherman[[#This Row],[2025]]="n.a"), "-",J89/Fisherman[[#This Row],[2024]]) -> -
A91: Negeri State | B91: (F) Usahawan Tani, Pemasar Tani, IMAT (RM '000) | G91: Movement | L91: % change YoY
A92: Year | B92: 2022 | C92: 2023 | D92: 2024 | E92: 2025 | G92: 2022 | H92: 2023 | I92: 2024 | J92: 2025 | L92: 2022 | M92: 2023 | N92: 2024 | O92: 2025
A93: Malaysia | B93: 260 | C93: 40.5 | D93: 378.732 | E93: 649.515 | G93: - | H93: =IF(OR(Farmer[[#This Row],[2023]]="n.a",Farmer[[#This Row],[2022]]="n.a"),"-",Farmer[[#This Row],[2023]]-Farmer[[#This Row],[2022]]) -> -219.5 | I93: =IF(OR(Farmer[[#This Row],[2024]]="n.a",Farmer[[#This Row],[2023]]="n.a"),"-",Farmer[[#This Row],[2024]]-Farmer[[#This Row],[2023]]) -> 338.232 | J93: =IF(OR(Farmer[[#This Row],[2025]]="n.a",Farmer[[#This Row],[2024]]="n.a"),"-",Farmer[[#This Row],[2025]]-Farmer[[#This Row],[2024]]) -> 270.783 | L93: - | M93: =IF(OR(Farmer[[#This Row],[2022]]="n.a", Farmer[[#This Row],[2022]]=0, Farmer[[#This Row],[2023]]="n.a"), "-",H93/Farmer[[#This Row],[2022]]) -> -0.84423077 | N93: =IF(OR(Farmer[[#This Row],[2023]]="n.a", Farmer[[#This Row],[2023]]=0, Farmer[[#This Row],[2024]]="n.a"), "-",I93/Farmer[[#This Row],[2023]]) -> 8.3514074 | O93: =IF(OR(Farmer[[#This Row],[2024]]="n.a", Farmer[[#This Row],[2024]]=0, Farmer[[#This Row],[2025]]="n.a"), "-",J93/Farmer[[#This Row],[2024]]) -> 0.71497259
A94: Johor | B94: 0 | C94: n.a | D94: 18 | E94: 0 | G94: - | H94: =IF(OR(Farmer[[#This Row],[2023]]="n.a",Farmer[[#This Row],[2022]]="n.a"),"-",Farmer[[#This Row],[2023]]-Farmer[[#This Row],[2022]]) -> - | I94: =IF(OR(Farmer[[#This Row],[2024]]="n.a",Farmer[[#This Row],[2023]]="n.a"),"-",Farmer[[#This Row],[2024]]-Farmer[[#This Row],[2023]]) -> - | J94: =IF(OR(Farmer[[#This Row],[2025]]="n.a",Farmer[[#This Row],[2024]]="n.a"),"-",Farmer[[#This Row],[2025]]-Farmer[[#This Row],[2024]]) -> -18 | L94: - | M94: =IF(OR(Farmer[[#This Row],[2022]]="n.a", Farmer[[#This Row],[2022]]=0, Farmer[[#This Row],[2023]]="n.a"), "-",H94/Farmer[[#This Row],[2022]]) -> - | N94: =IF(OR(Farmer[[#This Row],[2023]]="n.a", Farmer[[#This Row],[2023]]=0, Farmer[[#This Row],[2024]]="n.a"), "-",I94/Farmer[[#This Row],[2023]]) -> - | O94: =IF(OR(Farmer[[#This Row],[2024]]="n.a", Farmer[[#This Row],[2024]]=0, Farmer[[#This Row],[2025]]="n.a"), "-",J94/Farmer[[#This Row],[2024]]) -> -1
A95: Kedah | B95: 0 | C95: n.a | D95: 4.332 | E95: 0 | G95: - | H95: =IF(OR(Farmer[[#This Row],[2023]]="n.a",Farmer[[#This Row],[2022]]="n.a"),"-",Farmer[[#This Row],[2023]]-Farmer[[#This Row],[2022]]) -> - | I95: =IF(OR(Farmer[[#This Row],[2024]]="n.a",Farmer[[#This Row],[2023]]="n.a"),"-",Farmer[[#This Row],[2024]]-Farmer[[#This Row],[2023]]) -> - | J95: =IF(OR(Farmer[[#This Row],[2025]]="n.a",Farmer[[#This Row],[2024]]="n.a"),"-",Farmer[[#This Row],[2025]]-Farmer[[#This Row],[2024]]) -> -4.332 | L95: - | M95: =IF(OR(Farmer[[#This Row],[2022]]="n.a", Farmer[[#This Row],[2022]]=0, Farmer[[#This Row],[2023]]="n.a"), "-",H95/Farmer[[#This Row],[2022]]) -> - | N95: =IF(OR(Farmer[[#This Row],[2023]]="n.a", Farmer[[#This Row],[2023]]=0, Farmer[[#This Row],[2024]]="n.a"), "-",I95/Farmer[[#This Row],[2023]]) -> - | O95: =IF(OR(Farmer[[#This Row],[2024]]="n.a", Farmer[[#This Row],[2024]]=0, Farmer[[#This Row],[2025]]="n.a"), "-",J95/Farmer[[#This Row],[2024]]) -> -1
A96: Kelantan | B96: 65 | C96: n.a | D96: 346 | E96: 4.1 | G96: - | H96: =IF(OR(Farmer[[#This Row],[2023]]="n.a",Farmer[[#This Row],[2022]]="n.a"),"-",Farmer[[#This Row],[2023]]-Farmer[[#This Row],[2022]]) -> - | I96: =IF(OR(Farmer[[#This Row],[2024]]="n.a",Farmer[[#This Row],[2023]]="n.a"),"-",Farmer[[#This Row],[2024]]-Farmer[[#This Row],[2023]]) -> - | J96: =IF(OR(Farmer[[#This Row],[2025]]="n.a",Farmer[[#This Row],[2024]]="n.a"),"-",Farmer[[#This Row],[2025]]-Farmer[[#This Row],[2024]]) -> -341.9 | L96: - | M96: =IF(OR(Farmer[[#This Row],[2022]]="n.a", Farmer[[#This Row],[2022]]=0, Farmer[[#This Row],[2023]]="n.a"), "-",H96/Farmer[[#This Row],[2022]]) -> - | N96: =IF(OR(Farmer[[#This Row],[2023]]="n.a", Farmer[[#This Row],[2023]]=0, Farmer[[#This Row],[2024]]="n.a"), "-",I96/Farmer[[#This Row],[2023]]) -> - | O96: =IF(OR(Farmer[[#This Row],[2024]]="n.a", Farmer[[#This Row],[2024]]=0, Farmer[[#This Row],[2025]]="n.a"), "-",J96/Farmer[[#This Row],[2024]]) -> -0.98815029
A97: Melaka | B97: 0 | C97: n.a | D97: 0 | E97: 0 | G97: - | H97: =IF(OR(Farmer[[#This Row],[2023]]="n.a",Farmer[[#This Row],[2022]]="n.a"),"-",Farmer[[#This Row],[2023]]-Farmer[[#This Row],[2022]]) -> - | I97: =IF(OR(Farmer[[#This Row],[2024]]="n.a",Farmer[[#This Row],[2023]]="n.a"),"-",Farmer[[#This Row],[2024]]-Farmer[[#This Row],[2023]]) -> - | J97: =IF(OR(Farmer[[#This Row],[2025]]="n.a",Farmer[[#This Row],[2024]]="n.a"),"-",Farmer[[#This Row],[2025]]-Farmer[[#This Row],[2024]]) -> 0 | L97: - | M97: =IF(OR(Farmer[[#This Row],[2022]]="n.a", Farmer[[#This Row],[2022]]=0, Farmer[[#This Row],[2023]]="n.a"), "-",H97/Farmer[[#This Row],[2022]]) -> - | N97: =IF(OR(Farmer[[#This Row],[2023]]="n.a", Farmer[[#This Row],[2023]]=0, Farmer[[#This Row],[2024]]="n.a"), "-",I97/Farmer[[#This Row],[2023]]) -> - | O97: =IF(OR(Farmer[[#This Row],[2024]]="n.a", Farmer[[#This Row],[2024]]=0, Farmer[[#This Row],[2025]]="n.a"), "-",J97/Farmer[[#This Row],[2024]]) -> -
A98: Negeri Sembilan | B98: 0 | C98: n.a | D98: 0 | E98: 248.6 | G98: - | H98: =IF(OR(Farmer[[#This Row],[2023]]="n.a",Farmer[[#This Row],[2022]]="n.a"),"-",Farmer[[#This Row],[2023]]-Farmer[[#This Row],[2022]]) -> - | I98: =IF(OR(Farmer[[#This Row],[2024]]="n.a",Farmer[[#This Row],[2023]]="n.a"),"-",Farmer[[#This Row],[2024]]-Farmer[[#This Row],[2023]]) -> - | J98: =IF(OR(Farmer[[#This Row],[2025]]="n.a",Farmer[[#This Row],[2024]]="n.a"),"-",Farmer[[#This Row],[2025]]-Farmer[[#This Row],[2024]]) -> 248.6 | L98: - | M98: =IF(OR(Farmer[[#This Row],[2022]]="n.a", Farmer[[#This Row],[2022]]=0, Farmer[[#This Row],[2023]]="n.a"), "-",H98/Farmer[[#This Row],[2022]]) -> - | N98: =IF(OR(Farmer[[#This Row],[2023]]="n.a", Farmer[[#This Row],[2023]]=0, Farmer[[#This Row],[2024]]="n.a"), "-",I98/Farmer[[#This Row],[2023]]) -> - | O98: =IF(OR(Farmer[[#This Row],[2024]]="n.a", Farmer[[#This Row],[2024]]=0, Farmer[[#This Row],[2025]]="n.a"), "-",J98/Farmer[[#This Row],[2024]]) -> -
A99: Pahang | B99: 3 | C99: n.a | D99: 0 | E99: 23.315 | G99: - | H99: =IF(OR(Farmer[[#This Row],[2023]]="n.a",Farmer[[#This Row],[2022]]="n.a"),"-",Farmer[[#This Row],[2023]]-Farmer[[#This Row],[2022]]) -> - | I99: =IF(OR(Farmer[[#This Row],[2024]]="n.a",Farmer[[#This Row],[2023]]="n.a"),"-",Farmer[[#This Row],[2024]]-Farmer[[#This Row],[2023]]) -> - | J99: =IF(OR(Farmer[[#This Row],[2025]]="n.a",Farmer[[#This Row],[2024]]="n.a"),"-",Farmer[[#This Row],[2025]]-Farmer[[#This Row],[2024]]) -> 23.315 | L99: - | M99: =IF(OR(Farmer[[#This Row],[2022]]="n.a", Farmer[[#This Row],[2022]]=0, Farmer[[#This Row],[2023]]="n.a"), "-",H99/Farmer[[#This Row],[2022]]) -> - | N99: =IF(OR(Farmer[[#This Row],[2023]]="n.a", Farmer[[#This Row],[2023]]=0, Farmer[[#This Row],[2024]]="n.a"), "-",I99/Farmer[[#This Row],[2023]]) -> - | O99: =IF(OR(Farmer[[#This Row],[2024]]="n.a", Farmer[[#This Row],[2024]]=0, Farmer[[#This Row],[2025]]="n.a"), "-",J99/Farmer[[#This Row],[2024]]) -> -
A100: Pulau Pinang | B100: 0 | C100: n.a | D100: 1.6 | E100: 0 | G100: - | H100: =IF(OR(Farmer[[#This Row],[2023]]="n.a",Farmer[[#This Row],[2022]]="n.a"),"-",Farmer[[#This Row],[2023]]-Farmer[[#This Row],[2022]]) -> - | I100: =IF(OR(Farmer[[#This Row],[2024]]="n.a",Farmer[[#This Row],[2023]]="n.a"),"-",Farmer[[#This Row],[2024]]-Farmer[[#This Row],[2023]]) -> - | J100: =IF(OR(Farmer[[#This Row],[2025]]="n.a",Farmer[[#This Row],[2024]]="n.a"),"-",Farmer[[#This Row],[2025]]-Farmer[[#This Row],[2024]]) -> -1.6 | L100: - | M100: =IF(OR(Farmer[[#This Row],[2022]]="n.a", Farmer[[#This Row],[2022]]=0, Farmer[[#This Row],[2023]]="n.a"), "-",H100/Farmer[[#This Row],[2022]]) -> - | N100: =IF(OR(Farmer[[#This Row],[2023]]="n.a", Farmer[[#This Row],[2023]]=0, Farmer[[#This Row],[2024]]="n.a"), "-",I100/Farmer[[#This Row],[2023]]) -> - | O100: =IF(OR(Farmer[[#This Row],[2024]]="n.a", Farmer[[#This Row],[2024]]=0, Farmer[[#This Row],[2025]]="n.a"), "-",J100/Farmer[[#This Row],[2024]]) -> -1
A101: Perak | B101: 0 | C101: n.a | D101: 0 | E101: 66 | G101: - | H101: =IF(OR(Farmer[[#This Row],[2023]]="n.a",Farmer[[#This Row],[2022]]="n.a"),"-",Farmer[[#This Row],[2023]]-Farmer[[#This Row],[2022]]) -> - | I101: =IF(OR(Farmer[[#This Row],[2024]]="n.a",Farmer[[#This Row],[2023]]="n.a"),"-",Farmer[[#This Row],[2024]]-Farmer[[#This Row],[2023]]) -> - | J101: =IF(OR(Farmer[[#This Row],[2025]]="n.a",Farmer[[#This Row],[2024]]="n.a"),"-",Farmer[[#This Row],[2025]]-Farmer[[#This Row],[2024]]) -> 66 | L101: - | M101: =IF(OR(Farmer[[#This Row],[2022]]="n.a", Farmer[[#This Row],[2022]]=0, Farmer[[#This Row],[2023]]="n.a"), "-",H101/Farmer[[#This Row],[2022]]) -> - | N101: =IF(OR(Farmer[[#This Row],[2023]]="n.a", Farmer[[#This Row],[2023]]=0, Farmer[[#This Row],[2024]]="n.a"), "-",I101/Farmer[[#This Row],[2023]]) -> - | O101: =IF(OR(Farmer[[#This Row],[2024]]="n.a", Farmer[[#This Row],[2024]]=0, Farmer[[#This Row],[2025]]="n.a"), "-",J101/Farmer[[#This Row],[2024]]) -> -
A102: Perlis | B102: 0 | C102: n.a | D102: 8.8 | E102: 0 | G102: - | H102: =IF(OR(Farmer[[#This Row],[2023]]="n.a",Farmer[[#This Row],[2022]]="n.a"),"-",Farmer[[#This Row],[2023]]-Farmer[[#This Row],[2022]]) -> - | I102: =IF(OR(Farmer[[#This Row],[2024]]="n.a",Farmer[[#This Row],[2023]]="n.a"),"-",Farmer[[#This Row],[2024]]-Farmer[[#This Row],[2023]]) -> - | J102: =IF(OR(Farmer[[#This Row],[2025]]="n.a",Farmer[[#This Row],[2024]]="n.a"),"-",Farmer[[#This Row],[2025]]-Farmer[[#This Row],[2024]]) -> -8.8 | L102: - | M102: =IF(OR(Farmer[[#This Row],[2022]]="n.a", Farmer[[#This Row],[2022]]=0, Farmer[[#This Row],[2023]]="n.a"), "-",H102/Farmer[[#This Row],[2022]]) -> - | N102: =IF(OR(Farmer[[#This Row],[2023]]="n.a", Farmer[[#This Row],[2023]]=0, Farmer[[#This Row],[2024]]="n.a"), "-",I102/Farmer[[#This Row],[2023]]) -> - | O102: =IF(OR(Farmer[[#This Row],[2024]]="n.a", Farmer[[#This Row],[2024]]=0, Farmer[[#This Row],[2025]]="n.a"), "-",J102/Farmer[[#This Row],[2024]]) -> -1
A103: Selangor | B103: 0 | C103: n.a | D103: 0 | E103: 0 | G103: - | H103: =IF(OR(Farmer[[#This Row],[2023]]="n.a",Farmer[[#This Row],[2022]]="n.a"),"-",Farmer[[#This Row],[2023]]-Farmer[[#This Row],[2022]]) -> - | I103: =IF(OR(Farmer[[#This Row],[2024]]="n.a",Farmer[[#This Row],[2023]]="n.a"),"-",Farmer[[#This Row],[2024]]-Farmer[[#This Row],[2023]]) -> - | J103: =IF(OR(Farmer[[#This Row],[2025]]="n.a",Farmer[[#This Row],[2024]]="n.a"),"-",Farmer[[#This Row],[2025]]-Farmer[[#This Row],[2024]]) -> 0 | L103: - | M103: =IF(OR(Farmer[[#This Row],[2022]]="n.a", Farmer[[#This Row],[2022]]=0, Farmer[[#This Row],[2023]]="n.a"), "-",H103/Farmer[[#This Row],[2022]]) -> - | N103: =IF(OR(Farmer[[#This Row],[2023]]="n.a", Farmer[[#This Row],[2023]]=0, Farmer[[#This Row],[2024]]="n.a"), "-",I103/Farmer[[#This Row],[2023]]) -> - | O103: =IF(OR(Farmer[[#This Row],[2024]]="n.a", Farmer[[#This Row],[2024]]=0, Farmer[[#This Row],[2025]]="n.a"), "-",J103/Farmer[[#This Row],[2024]]) -> -
A104: Terengganu | B104: 192 | C104: n.a | D104: 0 | E104: 4.8 | G104: - | H104: =IF(OR(Farmer[[#This Row],[2023]]="n.a",Farmer[[#This Row],[2022]]="n.a"),"-",Farmer[[#This Row],[2023]]-Farmer[[#This Row],[2022]]) -> - | I104: =IF(OR(Farmer[[#This Row],[2024]]="n.a",Farmer[[#This Row],[2023]]="n.a"),"-",Farmer[[#This Row],[2024]]-Farmer[[#This Row],[2023]]) -> - | J104: =IF(OR(Farmer[[#This Row],[2025]]="n.a",Farmer[[#This Row],[2024]]="n.a"),"-",Farmer[[#This Row],[2025]]-Farmer[[#This Row],[2024]]) -> 4.8 | L104: - | M104: =IF(OR(Farmer[[#This Row],[2022]]="n.a", Farmer[[#This Row],[2022]]=0, Farmer[[#This Row],[2023]]="n.a"), "-",H104/Farmer[[#This Row],[2022]]) -> - | N104: =IF(OR(Farmer[[#This Row],[2023]]="n.a", Farmer[[#This Row],[2023]]=0, Farmer[[#This Row],[2024]]="n.a"), "-",I104/Farmer[[#This Row],[2023]]) -> - | O104: =IF(OR(Farmer[[#This Row],[2024]]="n.a", Farmer[[#This Row],[2024]]=0, Farmer[[#This Row],[2025]]="n.a"), "-",J104/Farmer[[#This Row],[2024]]) -> -
A105: Sabah | B105: 0 | C105: n.a | D105: 0 | E105: 208.7 | G105: - | H105: =IF(OR(Farmer[[#This Row],[2023]]="n.a",Farmer[[#This Row],[2022]]="n.a"),"-",Farmer[[#This Row],[2023]]-Farmer[[#This Row],[2022]]) -> - | I105: =IF(OR(Farmer[[#This Row],[2024]]="n.a",Farmer[[#This Row],[2023]]="n.a"),"-",Farmer[[#This Row],[2024]]-Farmer[[#This Row],[2023]]) -> - | J105: =IF(OR(Farmer[[#This Row],[2025]]="n.a",Farmer[[#This Row],[2024]]="n.a"),"-",Farmer[[#This Row],[2025]]-Farmer[[#This Row],[2024]]) -> 208.7 | L105: - | M105: =IF(OR(Farmer[[#This Row],[2022]]="n.a", Farmer[[#This Row],[2022]]=0, Farmer[[#This Row],[2023]]="n.a"), "-",H105/Farmer[[#This Row],[2022]]) -> - | N105: =IF(OR(Farmer[[#This Row],[2023]]="n.a", Farmer[[#This Row],[2023]]=0, Farmer[[#This Row],[2024]]="n.a"), "-",I105/Farmer[[#This Row],[2023]]) -> - | O105: =IF(OR(Farmer[[#This Row],[2024]]="n.a", Farmer[[#This Row],[2024]]=0, Farmer[[#This Row],[2025]]="n.a"), "-",J105/Farmer[[#This Row],[2024]]) -> -
... A107: W.P. Kuala Lumpur | B107: 0 | C107: n.a | D107: 0 | E107: 0 | G107: - | H107: =IF(OR(Farmer[[#This Row],[2023]]="n.a",Farmer[[#This Row],[2022]]="n.a"),"-",Farmer[[#This Row],[2023]]-Farmer[[#This Row],[2022]]) -> - | I107: =IF(OR(Farmer[[#This Row],[2024]]="n.a",Farmer[[#This Row],[2023]]="n.a"),"-",Farmer[[#This Row],[2024]]-Farmer[[#This Row],[2023]]) -> - | J107: =IF(OR(Farmer[[#This Row],[2025]]="n.a",Farmer[[#This Row],[2024]]="n.a"),"-",Farmer[[#This Row],[2025]]-Farmer[[#This Row],[2024]]) -> 0 | L107: - | M107: =IF(OR(Farmer[[#This Row],[2022]]="n.a", Farmer[[#This Row],[2022]]=0, Farmer[[#This Row],[2023]]="n.a"), "-",H107/Farmer[[#This Row],[2022]]) -> - | N107: =IF(OR(Farmer[[#This Row],[2023]]="n.a", Farmer[[#This Row],[2023]]=0, Farmer[[#This Row],[2024]]="n.a"), "-",I107/Farmer[[#This Row],[2023]]) -> - | O107: =IF(OR(Farmer[[#This Row],[2024]]="n.a", Farmer[[#This Row],[2024]]=0, Farmer[[#This Row],[2025]]="n.a"), "-",J107/Farmer[[#This Row],[2024]]) -> -
A109: Negeri State | B109: (G) Komoditi Bernilai Tinggi High Value Commodity (RM '000) | G109: Movement | L109: % change YoY
A110: Year | B110: 2022 | C110: 2023 | D110: 2024 | E110: 2025 | G110: 2022 | H110: 2023 | I110: 2024 | J110: 2025 | L110: 2022 | M110: 2023 | N110: 2024 | O110: 2025
A111: Malaysia | B111: - | C111: n.a | D111: 89.33 | E111: 0 | G111: - | H111: =IF(OR(HighValueCommodity[[#This Row],[2023]]="n.a",HighValueCommodity[[#This Row],[2022]]="n.a"),"-",HighValueCommodity[[#This Row],[2023]]-HighValueCommodity[[#This Row],[2022]]) -> - | I111: =IF(OR(HighValueCommodity[[#This Row],[2024]]="n.a",HighValueCommodity[[#This Row],[2023]]="n.a"),"-",HighValueCommodity[[#This Row],[2024]]-HighValueCommodity[[#This Row],[2023]]) -> - | J111: =IF(OR(HighValueCommodity[[#This Row],[2025]]="n.a",HighValueCommodity[[#This Row],[2024]]="n.a"),"-",HighValueCommodity[[#This Row],[2025]]-HighValueCommodity[[#This Row],[2024]]) -> -89.33 | L111: - | M111: =IF(OR(HighValueCommodity[[#This Row],[2022]]="n.a", HighValueCommodity[[#This Row],[2022]]=0, HighValueCommodity[[#This Row],[2023]]="n.a"), "-",H111/HighValueCommodity[[#This Row],[2022]]) -> - | N111: =IF(OR(HighValueCommodity[[#This Row],[2023]]="n.a", HighValueCommodity[[#This Row],[2023]]=0, HighValueCommodity[[#This Row],[2024]]="n.a"), "-",I111/HighValueCommodity[[#This Row],[2023]]) -> - | O111: =IF(OR(HighValueCommodity[[#This Row],[2024]]="n.a", HighValueCommodity[[#This Row],[2024]]=0, HighValueCommodity[[#This Row],[2025]]="n.a"), "-",J111/HighValueCommodity[[#This Row],[2024]]) -> -1
A112: Johor | B112: 0 | C112: n.a | D112: 0 | E112: 0 | G112: - | H112: =IF(OR(HighValueCommodity[[#This Row],[2023]]="n.a",HighValueCommodity[[#This Row],[2022]]="n.a"),"-",HighValueCommodity[[#This Row],[2023]]-HighValueCommodity[[#This Row],[2022]]) -> - | I112: =IF(OR(HighValueCommodity[[#This Row],[2024]]="n.a",HighValueCommodity[[#This Row],[2023]]="n.a"),"-",HighValueCommodity[[#This Row],[2024]]-HighValueCommodity[[#This Row],[2023]]) -> - | J112: =IF(OR(HighValueCommodity[[#This Row],[2025]]="n.a",HighValueCommodity[[#This Row],[2024]]="n.a"),"-",HighValueCommodity[[#This Row],[2025]]-HighValueCommodity[[#This Row],[2024]]) -> 0 | L112: - | M112: =IF(OR(HighValueCommodity[[#This Row],[2022]]="n.a", HighValueCommodity[[#This Row],[2022]]=0, HighValueCommodity[[#This Row],[2023]]="n.a"), "-",H112/HighValueCommodity[[#This Row],[2022]]) -> - | N112: =IF(OR(HighValueCommodity[[#This Row],[2023]]="n.a", HighValueCommodity[[#This Row],[2023]]=0, HighValueCommodity[[#This Row],[2024]]="n.a"), "-",I112/HighValueCommodity[[#This Row],[2023]]) -> - | O112: =IF(OR(HighValueCommodity[[#This Row],[2024]]="n.a", HighValueCommodity[[#This Row],[2024]]=0, HighValueCommodity[[#This Row],[2025]]="n.a"), "-",J112/HighValueCommodity[[#This Row],[2024]]) -> -
...

Sheet AgricultureRawData
A1: State | B1: Year | C1: Value | D1: Category
A2: Johor | B2: 2022 | C2: 247.36 | D2: Agriculture
A3: Johor | B3: 2023 | C3: 25196.239 | D3: Agriculture
A4: Johor | B4: 2024 | C4: 2429.715 | D4: Agriculture
A5: Johor | B5: 2025 | C5: 13010.384 | D5: Agriculture
A6: Kedah | B6: 2022 | C6: 327.1 | D6: Agriculture
A7: Kedah | B7: 2023 | C7: 416.2 | D7: Agriculture
A8: Kedah | B8: 2024 | C8: 118210.03 | D8: Agriculture
A9: Kedah | B9: 2025 | C9: 5039.94 | D9: Agriculture
A10: Kelantan | B10: 2022 | C10: 66034.69 | D10: Agriculture
A11: Kelantan | B11: 2023 | C11: 52525.092 | D11: Agriculture
A12: Kelantan | B12: 2024 | C12: 22443.98 | D12: Agriculture
A13: Kelantan | B13: 2025 | C13: 4383.692 | D13: Agriculture
... A105: Sarawak | B105: 2025 | C105: 69 | D105: Commodity

Sheet AgriSubCat
A1: State | B1: Year | C1: Value | D1: Category
A2: Johor | B2: 2022 | C2: 16 | D2: Paddy
A3: Johor | B3: 2023 | C3: 0 | D3: Paddy
A4: Johor | B4: 2024 | C4: 0 | D4: Paddy
A5: Johor | B5: 2025 | C5: 0 | D5: Paddy
A6: Kedah | B6: 2022 | C6: 305.9 | D6: Paddy
A7: Kedah | B7: 2023 | C7: 0 | D7: Paddy
A8: Kedah | B8: 2024 | C8: 117473.69 | D8: Paddy
A9: Kedah | B9: 2025 | C9: 0 | D9: Paddy
A10: Kelantan | B10: 2022 | C10: 61654.01 | D10: Paddy
A11: Kelantan | B11: 2023 | C11: 0 | D11: Paddy
A12: Kelantan | B12: 2024 | C12: 10374.332 | D12: Paddy
A13: Kelantan | B13: 2025 | C13: 0 | D13: Paddy
... A393: W.P. Kuala Lumpur | B393: 2025 | C393: 0 | D393: Commodity

Sheet Infrastructure By State >

Sheet InfraLossPivot
A1: Category | B1: (All)
A3: Sum of Value | B3: Year
A4: State | B4: 2022 | C4: 2023 | D4: 2024 | E4: 2025 | F4: Grand Total
A5: Johor | B5: 38238.571 | C5: 71845.45 | D5: 29748.447 | E5: 29842.577 | F5: 169675.04
A6: Kedah | B6: 24309.591 | C6: 20746.419 | D6: 15052.904 | E6: 20113.419 | F6: 80222.333
A7: Kelantan | B7: 61954.26 | C7: 51458.661 | D7: 48088.789 | E7: 67139.932 | F7: 228641.64
A8: Melaka | B8: 16650.543 | C8: 5000 | D8: 7248.726 | E8: 12900.817 | F8: 41800.086
A9: Negeri Sembilan | B9: 35538.841 | C9: 7579.9111 | D9: 16180.5 | E9: 12902 | F9: 72201.252
A10: Pahang | B10: 176064.81 | C10: 63424.137 | D10: 16219.958 | E10: 19045.543 | F10: 274754.45
A11: Perak | B11: 30358.846 | C11: 45368.083 | D11: 43398.063 | E11: 15377.634 | F11: 134502.63
A12: Perlis | B12: 3584.8621 | C12: 4664.3908 | D12: 3988.0557 | E12: 22995.033 | F12: 35232.342
A13: Pulau Pinang | B13: 12499.628 | C13: 8130.5333 | D13: 7660.9919 | E13: 8741.9671 | F13: 37033.12
A14: Sabah | B14: 30776.178 | C14: 12835.276 | D14: 16913.877 | E14: 23982.416 | F14: 84507.746
A15: Sarawak | B15: 31249.75 | C15: 29215.445 | D15: 24279.791 | E15: 25024.909 | F15: 109769.9
A16: Selangor | B16: 88778.224 | C16: 7957.0008 | D16: 13787.811 | E16: 26585.289 | F16: 137108.33
... A21: Grand Total | B21: 636767.42 | C21: 380741.96 | D21: 303379.65 | E21: 380181.72 | F21: 1701070.7

Sheet JKR Pivot
A1: Category | B1: (All)
A3: Sum of Value | B3: Year
A4: State | B4: 2022 | C4: 2023 | D4: 2024 | E4: 2025 | F4: Grand Total
A5: Johor | B5: 80 | C5: 0 | D5: 12510 | E5: 12510 | F5: 25100
A6: Kedah | B6: 880 | C6: 0 | D6: 1100 | E6: 1100 | F6: 3080
A7: Kelantan | B7: 20650 | C7: 0 | D7: 13880 | E7: 13880 | F7: 48410
A8: Melaka | B8: 0 | C8: 0 | D8: 0 | E8: 0 | F8: 0
A9: Negeri Sembilan | B9: 350 | C9: 0 | D9: 1850 | E9: 850 | F9: 3050
A10: Pahang | B10: 1610 | C10: 0 | D10: 0 | E10: 0 | F10: 1610
A11: Perak | B11: 3059.7515 | C11: 0 | D11: 400 | E11: 400 | F11: 3859.7515
A12: Perlis | B12: 0 | C12: 0 | D12: 0 | E12: 0 | F12: 0
A13: Pulau Pinang | B13: 0 | C13: 0 | D13: 0 | E13: 0 | F13: 0
A14: Sabah | B14: 0 | C14: 0 | D14: 0 | E14: 0 | F14: 0
A15: Sarawak | B15: 0 | C15: 0 | D15: 0 | E15: 0 | F15: 0
A16: Selangor | B16: 0 | C16: 0 | D16: 0 | E16: 500 | F16: 500
... A19: Grand Total | B19: 39914.751 | C19: 0 | D19: 45870 | E19: 45370 | F19: 131154.75

Sheet JPS Pivot
A1: Category | B1: (All)
A3: Sum of Value | B3: Year
A4: State | B4: 2022 | C4: 2023 | D4: 2024 | E4: 2025 | F4: Grand Total
A5: Johor | B5: 34788.571 | C5: 12396.449 | D5: 16128.911 | E5: 15655.577 | F5: 78969.509
A6: Kedah | B6: 23429.591 | C6: 19846.419 | D6: 12442.557 | E6: 14173.419 | F6: 69891.986
A7: Kelantan | B7: 40814.26 | C7: 10992.246 | D7: 14657.273 | E7: 11148.62 | F7: 77612.399
A8: Melaka | B8: 15150.543 | C8: 5000 | D8: 7248.726 | E8: 12810.817 | F8: 40210.086
A9: Negeri Sembilan | B9: 17598.841 | C9: 7579.9111 | D9: 11970 | E9: 11070 | F9: 48218.752
A10: Pahang | B10: 35974.812 | C10: 13808.137 | D10: 14742.958 | E10: 17800.543 | F10: 82326.45
A11: Perak | B11: 18199.095 | C11: 26358.083 | D11: 13727.764 | E11: 13286.634 | F11: 71571.576
A12: Perlis | B12: 3584.8621 | C12: 4664.3908 | D12: 3987.5558 | E12: 6309.9641 | F12: 18546.773
A13: Pulau Pinang | B13: 12499.628 | C13: 8130.5333 | D13: 7659.9919 | E13: 7372.9671 | F13: 35663.12
A14: Sabah | B14: 30776.178 | C14: 12099.876 | D14: 12273.877 | E14: 17515.72 | F14: 72665.65
A15: Sarawak | B15: 31249.75 | C15: 21632.655 | D15: 19214.973 | E15: 20454.264 | F15: 92551.642
A16: Selangor | B16: 69528.224 | C16: 7957.0008 | D16: 13107.811 | E16: 19225.5 | F16: 109818.54
... A21: Grand Total | B21: 404072.67 | C21: 183961.29 | D21: 165754.47 | E21: 201889.83 | F21: 955678.25

Sheet Infrastructure Loss
B1: (A) Pertanian dan Keterjaminan Makanan | G1: Movement | L1: YoY
A2: Column1 | B2: 2022 | C2: 2023 | D2: 2024 | E2: 2025 | G2: 2022 | H2: 2023 | I2: 2024 | J2: 2025 | L2: 2022 | M2: 2023 | N2: 2024 | O2: 2025
A3: Malaysia | B3: 232694.75 | C3: 174938.7 | D3: 86370 | E3: 153879 | G3: - | H3: =Pertanian[[#This Row],[2023]]-Pertanian[[#This Row],[2022]] -> -57756.052 | I3: =Pertanian[[#This Row],[2024]]-Pertanian[[#This Row],[2023]] -> -88568.7 | J3: =Pertanian[[#This Row],[2025]]-Pertanian[[#This Row],[2024]] -> 67509 | L3: - | M3: =IFERROR(H3/Pertanian[[#This Row],[2022]], "-") -> -0.24820522 | N3: =IFERROR(I3/Pertanian[[#This Row],[2023]], "-") -> -0.5062842 | O3: =IFERROR(J3/Pertanian[[#This Row],[2024]], "-") -> 0.78162556
A4: Johor | B4: 3450 | C4: 57086 | D4: 12510 | E4: 13510 | G4: - | H4: =Pertanian[[#This Row],[2023]]-Pertanian[[#This Row],[2022]] -> 53636 | I4: =Pertanian[[#This Row],[2024]]-Pertanian[[#This Row],[2023]] -> -44576 | J4: =Pertanian[[#This Row],[2025]]-Pertanian[[#This Row],[2024]] -> 1000 | L4: - | M4: =IFERROR(H4/Pertanian[[#This Row],[2022]], "-") -> 15.546667 | N4: =IFERROR(I4/Pertanian[[#This Row],[2023]], "-") -> -0.78085695 | O4: =IFERROR(J4/Pertanian[[#This Row],[2024]], "-") -> 0.079936051
A5: Kedah | B5: 880 | C5: 900 | D5: 1100 | E5: 5600 | G5: - | H5: =Pertanian[[#This Row],[2023]]-Pertanian[[#This Row],[2022]] -> 20 | I5: =Pertanian[[#This Row],[2024]]-Pertanian[[#This Row],[2023]] -> 200 | J5: =Pertanian[[#This Row],[2025]]-Pertanian[[#This Row],[2024]] -> 4500 | L5: - | M5: =IFERROR(H5/Pertanian[[#This Row],[2022]], "-") -> 0.022727273 | N5: =IFERROR(I5/Pertanian[[#This Row],[2023]], "-") -> 0.22222222 | O5: =IFERROR(J5/Pertanian[[#This Row],[2024]], "-") -> 4.0909091
A6: Kelantan | B6: 21140 | C6: 37398 | D6: 19380 | E6: 50880 | G6: - | H6: =Pertanian[[#This Row],[2023]]-Pertanian[[#This Row],[2022]] -> 16258 | I6: =Pertanian[[#This Row],[2024]]-Pertanian[[#This Row],[2023]] -> -18018 | J6: =Pertanian[[#This Row],[2025]]-Pertanian[[#This Row],[2024]] -> 31500 | L6: - | M6: =IFERROR(H6/Pertanian[[#This Row],[2022]], "-") -> 0.76906339 | N6: =IFERROR(I6/Pertanian[[#This Row],[2023]], "-") -> -0.48179047 | O6: =IFERROR(J6/Pertanian[[#This Row],[2024]], "-") -> 1.625387
A7: Melaka | B7: 1500 | C7: 0 | D7: 0 | E7: 0 | G7: - | H7: =Pertanian[[#This Row],[2023]]-Pertanian[[#This Row],[2022]] -> -1500 | I7: =Pertanian[[#This Row],[2024]]-Pertanian[[#This Row],[2023]] -> 0 | J7: =Pertanian[[#This Row],[2025]]-Pertanian[[#This Row],[2024]] -> 0 | L7: - | M7: =IFERROR(H7/Pertanian[[#This Row],[2022]], "-") -> -1 | N7: =IFERROR(I7/Pertanian[[#This Row],[2023]], "-") -> - | O7: =IFERROR(J7/Pertanian[[#This Row],[2024]], "-") -> -
A8: Negeri Sembilan | B8: 17940 | C8: 0 | D8: 1850 | E8: 850 | G8: - | H8: =Pertanian[[#This Row],[2023]]-Pertanian[[#This Row],[2022]] -> -17940 | I8: =Pertanian[[#This Row],[2024]]-Pertanian[[#This Row],[2023]] -> 1850 | J8: =Pertanian[[#This Row],[2025]]-Pertanian[[#This Row],[2024]] -> -1000 | L8: - | M8: =IFERROR(H8/Pertanian[[#This Row],[2022]], "-") -> -1 | N8: =IFERROR(I8/Pertanian[[#This Row],[2023]], "-") -> - | O8: =IFERROR(J8/Pertanian[[#This Row],[2024]], "-") -> -0.54054054
A9: Pahang | B9: 140090 | C9: 49193 | D9: 0 | E9: 1000 | G9: - | H9: =Pertanian[[#This Row],[2023]]-Pertanian[[#This Row],[2022]] -> -90897 | I9: =Pertanian[[#This Row],[2024]]-Pertanian[[#This Row],[2023]] -> -49193 | J9: =Pertanian[[#This Row],[2025]]-Pertanian[[#This Row],[2024]] -> 1000 | L9: - | M9: =IFERROR(H9/Pertanian[[#This Row],[2022]], "-") -> -0.64884717 | N9: =IFERROR(I9/Pertanian[[#This Row],[2023]], "-") -> -1 | O9: =IFERROR(J9/Pertanian[[#This Row],[2024]], "-") -> -
A10: Pulau Pinang | B10: 0 | C10: 0 | D10: 0 | E10: 1309 | G10: - | H10: =Pertanian[[#This Row],[2023]]-Pertanian[[#This Row],[2022]] -> 0 | I10: =Pertanian[[#This Row],[2024]]-Pertanian[[#This Row],[2023]] -> 0 | J10: =Pertanian[[#This Row],[2025]]-Pertanian[[#This Row],[2024]] -> 1309 | L10: - | M10: =IFERROR(H10/Pertanian[[#This Row],[2022]], "-") -> - | N10: =IFERROR(I10/Pertanian[[#This Row],[2023]], "-") -> - | O10: =IFERROR(J10/Pertanian[[#This Row],[2024]], "-") -> -
A11: Perak | B11: 12159.752 | C11: 19010 | D11: 29400 | E11: 1400 | G11: - | H11: =Pertanian[[#This Row],[2023]]-Pertanian[[#This Row],[2022]] -> 6850.2485 | I11: =Pertanian[[#This Row],[2024]]-Pertanian[[#This Row],[2023]] -> 10390 | J11: =Pertanian[[#This Row],[2025]]-Pertanian[[#This Row],[2024]] -> -28000 | L11: - | M11: =IFERROR(H11/Pertanian[[#This Row],[2022]], "-") -> 0.56335432 | N11: =IFERROR(I11/Pertanian[[#This Row],[2023]], "-") -> 0.54655445 | O11: =IFERROR(J11/Pertanian[[#This Row],[2024]], "-") -> -0.95238095
A12: Perlis | B12: 0 | C12: 0 | D12: 0 | E12: 15900 | G12: - | H12: =Pertanian[[#This Row],[2023]]-Pertanian[[#This Row],[2022]] -> 0 | I12: =Pertanian[[#This Row],[2024]]-Pertanian[[#This Row],[2023]] -> 0 | J12: =Pertanian[[#This Row],[2025]]-Pertanian[[#This Row],[2024]] -> 15900 | L12: - | M12: =IFERROR(H12/Pertanian[[#This Row],[2022]], "-") -> - | N12: =IFERROR(I12/Pertanian[[#This Row],[2023]], "-") -> - | O12: =IFERROR(J12/Pertanian[[#This Row],[2024]], "-") -> -
A13: Selangor | B13: 19250 | C13: 0 | D13: 0 | E13: 7300 | G13: - | H13: =Pertanian[[#This Row],[2023]]-Pertanian[[#This Row],[2022]] -> -19250 | I13: =Pertanian[[#This Row],[2024]]-Pertanian[[#This Row],[2023]] -> 0 | J13: =Pertanian[[#This Row],[2025]]-Pertanian[[#This Row],[2024]] -> 7300 | L13: - | M13: =IFERROR(H13/Pertanian[[#This Row],[2022]], "-") -> -1 | N13: =IFERROR(I13/Pertanian[[#This Row],[2023]], "-") -> - | O13: =IFERROR(J13/Pertanian[[#This Row],[2024]], "-") -> -
A14: Terengganu | B14: 16285 | C14: 11351.7 | D14: 22130 | E14: 56130 | G14: - | H14: =Pertanian[[#This Row],[2023]]-Pertanian[[#This Row],[2022]] -> -4933.3 | I14: =Pertanian[[#This Row],[2024]]-Pertanian[[#This Row],[2023]] -> 10778.3 | J14: =Pertanian[[#This Row],[2025]]-Pertanian[[#This Row],[2024]] -> 34000 | L14: - | M14: =IFERROR(H14/Pertanian[[#This Row],[2022]], "-") -> -0.30293522 | N14: =IFERROR(I14/Pertanian[[#This Row],[2023]], "-") -> 0.94948774 | O14: =IFERROR(J14/Pertanian[[#This Row],[2024]], "-") -> 1.536376
... A19: W.P. Putrajaya | B19: 0 | C19: 0 | D19: 0 | E19: 0 | G19: - | H19: =Pertanian[[#This Row],[2023]]-Pertanian[[#This Row],[2022]] -> 0 | I19: =Pertanian[[#This Row],[2024]]-Pertanian[[#This Row],[2023]] -> 0 | J19: =Pertanian[[#This Row],[2025]]-Pertanian[[#This Row],[2024]] -> 0 | L19: - | M19: =IFERROR(H19/Pertanian[[#This Row],[2022]], "-") -> - | N19: =IFERROR(I19/Pertanian[[#This Row],[2023]], "-") -> - | O19: =IFERROR(J19/Pertanian[[#This Row],[2024]], "-") -> -
B21: (B) Pengairan dan Saliran | G21: Movement | L21: YoY
A22: Column1 | B22: 2022 | C22: 2023 | D22: 2024 | E22: 2025 | G22: 2022 | H22: 2023 | I22: 2024 | J22: 2025 | L22: 2022 | M22: 2023 | N22: 2024 | O22: 2025
A23: Malaysia | B23: 404072.67 | C23: 191065.69 | D23: 165754.47 | E23: 201889.83 | G23: - | H23: =Pengairan[[#This Row],[2023]]-Pengairan[[#This Row],[2022]] -> -213006.98 | I23: =Pengairan[[#This Row],[2024]]-Pengairan[[#This Row],[2023]] -> -25311.222 | J23: =Pengairan[[#This Row],[2025]]-Pengairan[[#This Row],[2024]] -> 36135.36 | L23: - | M23: =IFERROR(H23/Pengairan[[#This Row],[2022]], "-") -> -0.52715018 | N23: =IFERROR(I23/Pengairan[[#This Row],[2023]], "-") -> -0.13247392 | O23: =IFERROR(J23/Pengairan[[#This Row],[2024]], "-") -> 0.21800534
A24: Johor | B24: 34788.571 | C24: 12396.45 | D24: 16128.911 | E24: 15655.577 | G24: - | H24: =Pengairan[[#This Row],[2023]]-Pengairan[[#This Row],[2022]] -> -22392.122 | I24: =Pengairan[[#This Row],[2024]]-Pengairan[[#This Row],[2023]] -> 3732.4618 | J24: =Pengairan[[#This Row],[2025]]-Pengairan[[#This Row],[2024]] -> -473.3346 | L24: - | M24: =IFERROR(H24/Pengairan[[#This Row],[2022]], "-") -> -0.64366316 | N24: =IFERROR(I24/Pengairan[[#This Row],[2023]], "-") -> 0.30109119 | O24: =IFERROR(J24/Pengairan[[#This Row],[2024]], "-") -> -0.029346965
A25: Kedah | B25: 23429.591 | C25: 19846.419 | D25: 12442.557 | E25: 14173.419 | G25: - | H25: =Pengairan[[#This Row],[2023]]-Pengairan[[#This Row],[2022]] -> -3583.1719 | I25: =Pengairan[[#This Row],[2024]]-Pengairan[[#This Row],[2023]] -> -7403.862 | J25: =Pengairan[[#This Row],[2025]]-Pengairan[[#This Row],[2024]] -> 1730.8621 | L25: - | M25: =IFERROR(H25/Pengairan[[#This Row],[2022]], "-") -> -0.15293361 | N25: =IFERROR(I25/Pengairan[[#This Row],[2023]], "-") -> -0.37305783 | O25: =IFERROR(J25/Pengairan[[#This Row],[2024]], "-") -> 0.13910823
A26: Kelantan | B26: 40814.26 | C26: 10992.246 | D26: 14657.273 | E26: 11148.62 | G26: - | H26: =Pengairan[[#This Row],[2023]]-Pengairan[[#This Row],[2022]] -> -29822.014 | I26: =Pengairan[[#This Row],[2024]]-Pengairan[[#This Row],[2023]] -> 3665.0263 | J26: =Pengairan[[#This Row],[2025]]-Pengairan[[#This Row],[2024]] -> -3508.6529 | L26: - | M26: =IFERROR(H26/Pengairan[[#This Row],[2022]], "-") -> -0.73067633 | N26: =IFERROR(I26/Pengairan[[#This Row],[2023]], "-") -> 0.33341923 | O26: =IFERROR(J26/Pengairan[[#This Row],[2024]], "-") -> -0.23937966
A27: Melaka | B27: 15150.543 | C27: 5000 | D27: 7248.726 | E27: 12810.817 | G27: - | H27: =Pengairan[[#This Row],[2023]]-Pengairan[[#This Row],[2022]] -> -10150.543 | I27: =Pengairan[[#This Row],[2024]]-Pengairan[[#This Row],[2023]] -> 2248.726 | J27: =Pengairan[[#This Row],[2025]]-Pengairan[[#This Row],[2024]] -> 5562.091 | L27: - | M27: =IFERROR(H27/Pengairan[[#This Row],[2022]], "-") -> -0.66997882 | N27: =IFERROR(I27/Pengairan[[#This Row],[2023]], "-") -> 0.4497452 | O27: =IFERROR(J27/Pengairan[[#This Row],[2024]], "-") -> 0.7673198
A28: Negeri Sembilan | B28: 17598.841 | C28: 7579.9111 | D28: 11970 | E28: 11070 | G28: - | H28: =Pengairan[[#This Row],[2023]]-Pengairan[[#This Row],[2022]] -> -10018.93 | I28: =Pengairan[[#This Row],[2024]]-Pengairan[[#This Row],[2023]] -> 4390.0889 | J28: =Pengairan[[#This Row],[2025]]-Pengairan[[#This Row],[2024]] -> -900 | L28: - | M28: =IFERROR(H28/Pengairan[[#This Row],[2022]], "-") -> -0.56929487 | N28: =IFERROR(I28/Pengairan[[#This Row],[2023]], "-") -> 0.57917418 | O28: =IFERROR(J28/Pengairan[[#This Row],[2024]], "-") -> -0.07518797
A29: Pahang | B29: 35974.812 | C29: 13808.137 | D29: 14742.958 | E29: 17800.543 | G29: - | H29: =Pengairan[[#This Row],[2023]]-Pengairan[[#This Row],[2022]] -> -22166.675 | I29: =Pengairan[[#This Row],[2024]]-Pengairan[[#This Row],[2023]] -> 934.82103 | J29: =Pengairan[[#This Row],[2025]]-Pengairan[[#This Row],[2024]] -> 3057.5855 | L29: - | M29: =IFERROR(H29/Pengairan[[#This Row],[2022]], "-") -> -0.61617209 | N29: =IFERROR(I29/Pengairan[[#This Row],[2023]], "-") -> 0.067700736 | O29: =IFERROR(J29/Pengairan[[#This Row],[2024]], "-") -> 0.20739295
A30: Pulau Pinang | B30: 12499.628 | C30: 8130.5333 | D30: 7659.9919 | E30: 7372.9671 | G30: - | H30: =Pengairan[[#This Row],[2023]]-Pengairan[[#This Row],[2022]] -> -4369.0946 | I30: =Pengairan[[#This Row],[2024]]-Pengairan[[#This Row],[2023]] -> -470.54144 | J30: =Pengairan[[#This Row],[2025]]-Pengairan[[#This Row],[2024]] -> -287.02482 | L30: - | M30: =IFERROR(H30/Pengairan[[#This Row],[2022]], "-") -> -0.34953797 | N30: =IFERROR(I30/Pengairan[[#This Row],[2023]], "-") -> -0.057873379 | O30: =IFERROR(J30/Pengairan[[#This Row],[2024]], "-") -> -0.037470643
A31: Perak | B31: 18199.095 | C31: 26358.083 | D31: 13727.764 | E31: 13286.634 | G31: - | H31: =Pengairan[[#This Row],[2023]]-Pengairan[[#This Row],[2022]] -> 8158.9879 | I31: =Pengairan[[#This Row],[2024]]-Pengairan[[#This Row],[2023]] -> -12630.318 | J31: =Pengairan[[#This Row],[2025]]-Pengairan[[#This Row],[2024]] -> -441.13043 | L31: - | M31: =IFERROR(H31/Pengairan[[#This Row],[2022]], "-") -> 0.44831834 | N31: =IFERROR(I31/Pengairan[[#This Row],[2023]], "-") -> -0.47918198 | O31: =IFERROR(J31/Pengairan[[#This Row],[2024]], "-") -> -0.032134178
A32: Perlis | B32: 3584.8621 | C32: 4664.3908 | D32: 3987.5557 | E32: 6309.9641 | G32: - | H32: =Pengairan[[#This Row],[2023]]-Pengairan[[#This Row],[2022]] -> 1079.5287 | I32: =Pengairan[[#This Row],[2024]]-Pengairan[[#This Row],[2023]] -> -676.83505 | J32: =Pengairan[[#This Row],[2025]]-Pengairan[[#This Row],[2024]] -> 2322.4084 | L32: - | M32: =IFERROR(H32/Pengairan[[#This Row],[2022]], "-") -> 0.30113536 | N32: =IFERROR(I32/Pengairan[[#This Row],[2023]], "-") -> -0.14510685 | O32: =IFERROR(J32/Pengairan[[#This Row],[2024]], "-") -> 0.58241403
A33: Selangor | B33: 69528.225 | C33: 7957.0008 | D33: 13107.811 | E33: 19225.5 | G33: - | H33: =Pengairan[[#This Row],[2023]]-Pengairan[[#This Row],[2022]] -> -61571.224 | I33: =Pengairan[[#This Row],[2024]]-Pengairan[[#This Row],[2023]] -> 5150.8106 | J33: =Pengairan[[#This Row],[2025]]-Pengairan[[#This Row],[2024]] -> 6117.6887 | L33: - | M33: =IFERROR(H33/Pengairan[[#This Row],[2022]], "-") -> -0.88555726 | N33: =IFERROR(I33/Pengairan[[#This Row],[2023]], "-") -> 0.64733066 | O33: =IFERROR(J33/Pengairan[[#This Row],[2024]], "-") -> 0.46672083
A34: Terengganu | B34: 24856.885 | C34: 13696.729 | D34: 7653.1283 | E34: 11535 | G34: - | H34: =Pengairan[[#This Row],[2023]]-Pengairan[[#This Row],[2022]] -> -11160.156 | I34: =Pengairan[[#This Row],[2024]]-Pengairan[[#This Row],[2023]] -> -6043.6012 | J34: =Pengairan[[#This Row],[2025]]-Pengairan[[#This Row],[2024]] -> 3881.8717 | L34: - | M34: =IFERROR(H34/Pengairan[[#This Row],[2022]], "-") -> -0.44897643 | N34: =IFERROR(I34/Pengairan[[#This Row],[2023]], "-") -> -0.44124411 | O34: =IFERROR(J34/Pengairan[[#This Row],[2024]], "-") -> 0.50722679
... A39: W.P. Putrajaya | B39: 289.91 | C39: 799.82 | D39: 679.07708 | E39: 1279.1865 | G39: - | H39: =Pengairan[[#This Row],[2023]]-Pengairan[[#This Row],[2022]] -> 509.91 | I39: =Pengairan[[#This Row],[2024]]-Pengairan[[#This Row],[2023]] -> -120.74292 | J39: =Pengairan[[#This Row],[2025]]-Pengairan[[#This Row],[2024]] -> 600.10947 | L39: - | M39: =IFERROR(H39/Pengairan[[#This Row],[2022]], "-") -> 1.7588562 | N39: =IFERROR(I39/Pengairan[[#This Row],[2023]], "-") -> -0.15096262 | O39: =IFERROR(J39/Pengairan[[#This Row],[2024]], "-") -> 0.88371333
B41: (C) Pendidikan | G41: Movement | L41: YoY
A42: Column1 | B42: 2022 | C42: 2023 | D42: 2024 | E42: 2025 | G42: 2022 | H42: 2023 | I42: 2024 | J42: 2025 | L42: 2022 | M42: 2023 | N42: 2024 | O42: 2025
A43: Malaysia | B43: n.a | C43: 14737.565 | D43: 29262.488 | E43: 14057.891 | G43: - | H43: =IF(OR(Pendidikan[[#This Row],[2023]]="n.a",Pendidikan[[#This Row],[2022]]="n.a"), "-", Pendidikan[[#This Row],[2023]]-Pendidikan[[#This Row],[2022]]) -> - | I43: =IF(OR(Pendidikan[[#This Row],[2024]]="n.a",Pendidikan[[#This Row],[2023]]="n.a"), "-", Pendidikan[[#This Row],[2024]]-Pendidikan[[#This Row],[2023]]) -> 14524.923 | J43: =IF(OR(Pendidikan[[#This Row],[2025]]="n.a",Pendidikan[[#This Row],[2024]]="n.a"), "-", Pendidikan[[#This Row],[2025]]-Pendidikan[[#This Row],[2024]]) -> -15204.598 | L43: - | M43: =IFERROR(H43/Pendidikan[[#This Row],[2022]], "-") -> - | N43: =IFERROR(I43/Pendidikan[[#This Row],[2023]], "-") -> 0.98557146 | O43: =IFERROR(J43/Pendidikan[[#This Row],[2024]], "-") -> -0.51959347
A44: Johor | B44: n.a | C44: 2363 | D44: 1001.4554 | E44: 647 | G44: - | H44: =IF(OR(Pendidikan[[#This Row],[2023]]="n.a",Pendidikan[[#This Row],[2022]]="n.a"), "-", Pendidikan[[#This Row],[2023]]-Pendidikan[[#This Row],[2022]]) -> - | I44: =IF(OR(Pendidikan[[#This Row],[2024]]="n.a",Pendidikan[[#This Row],[2023]]="n.a"), "-", Pendidikan[[#This Row],[2024]]-Pendidikan[[#This Row],[2023]]) -> -1361.5446 | J44: =IF(OR(Pendidikan[[#This Row],[2025]]="n.a",Pendidikan[[#This Row],[2024]]="n.a"), "-", Pendidikan[[#This Row],[2025]]-Pendidikan[[#This Row],[2024]]) -> -354.45541 | L44: - | M44: =IFERROR(H44/Pendidikan[[#This Row],[2022]], "-") -> - | N44: =IFERROR(I44/Pendidikan[[#This Row],[2023]], "-") -> -0.57619322 | O44: =IFERROR(J44/Pendidikan[[#This Row],[2024]], "-") -> -0.35394028
A45: Kedah | B45: n.a | C45: 0 | D45: 896.96163 | E45: 130 | G45: - | H45: =IF(OR(Pendidikan[[#This Row],[2023]]="n.a",Pendidikan[[#This Row],[2022]]="n.a"), "-", Pendidikan[[#This Row],[2023]]-Pendidikan[[#This Row],[2022]]) -> - | I45: =IF(OR(Pendidikan[[#This Row],[2024]]="n.a",Pendidikan[[#This Row],[2023]]="n.a"), "-", Pendidikan[[#This Row],[2024]]-Pendidikan[[#This Row],[2023]]) -> 896.96163 | J45: =IF(OR(Pendidikan[[#This Row],[2025]]="n.a",Pendidikan[[#This Row],[2024]]="n.a"), "-", Pendidikan[[#This Row],[2025]]-Pendidikan[[#This Row],[2024]]) -> -766.96163 | L45: - | M45: =IFERROR(H45/Pendidikan[[#This Row],[2022]], "-") -> - | N45: =IFERROR(I45/Pendidikan[[#This Row],[2023]], "-") -> - | O45: =IFERROR(J45/Pendidikan[[#This Row],[2024]], "-") -> -0.85506626
A46: Kelantan | B46: n.a | C46: 3068.415 | D46: 8072.7763 | E46: 671.31217 | G46: - | H46: =IF(OR(Pendidikan[[#This Row],[2023]]="n.a",Pendidikan[[#This Row],[2022]]="n.a"), "-", Pendidikan[[#This Row],[2023]]-Pendidikan[[#This Row],[2022]]) -> - | I46: =IF(OR(Pendidikan[[#This Row],[2024]]="n.a",Pendidikan[[#This Row],[2023]]="n.a"), "-", Pendidikan[[#This Row],[2024]]-Pendidikan[[#This Row],[2023]]) -> 5004.3613 | J46: =IF(OR(Pendidikan[[#This Row],[2025]]="n.a",Pendidikan[[#This Row],[2024]]="n.a"), "-", Pendidikan[[#This Row],[2025]]-Pendidikan[[#This Row],[2024]]) -> -7401.4641 | L46: - | M46: =IFERROR(H46/Pendidikan[[#This Row],[2022]], "-") -> - | N46: =IFERROR(I46/Pendidikan[[#This Row],[2023]], "-") -> 1.6309271 | O46: =IFERROR(J46/Pendidikan[[#This Row],[2024]], "-") -> -0.91684247
A47: Melaka | B47: n.a | C47: 0 | D47: 0 | E47: 0 | G47: - | H47: =IF(OR(Pendidikan[[#This Row],[2023]]="n.a",Pendidikan[[#This Row],[2022]]="n.a"), "-", Pendidikan[[#This Row],[2023]]-Pendidikan[[#This Row],[2022]]) -> - | I47: =IF(OR(Pendidikan[[#This Row],[2024]]="n.a",Pendidikan[[#This Row],[2023]]="n.a"), "-", Pendidikan[[#This Row],[2024]]-Pendidikan[[#This Row],[2023]]) -> 0 | J47: =IF(OR(Pendidikan[[#This Row],[2025]]="n.a",Pendidikan[[#This Row],[2024]]="n.a"), "-", Pendidikan[[#This Row],[2025]]-Pendidikan[[#This Row],[2024]]) -> 0 | L47: - | M47: =IFERROR(H47/Pendidikan[[#This Row],[2022]], "-") -> - | N47: =IFERROR(I47/Pendidikan[[#This Row],[2023]], "-") -> - | O47: =IFERROR(J47/Pendidikan[[#This Row],[2024]], "-") -> -
A48: Negeri Sembilan | B48: n.a | C48: 0 | D48: 2334 | E48: 712 | G48: - | H48: =IF(OR(Pendidikan[[#This Row],[2023]]="n.a",Pendidikan[[#This Row],[2022]]="n.a"), "-", Pendidikan[[#This Row],[2023]]-Pendidikan[[#This Row],[2022]]) -> - | I48: =IF(OR(Pendidikan[[#This Row],[2024]]="n.a",Pendidikan[[#This Row],[2023]]="n.a"), "-", Pendidikan[[#This Row],[2024]]-Pendidikan[[#This Row],[2023]]) -> 2334 | J48: =IF(OR(Pendidikan[[#This Row],[2025]]="n.a",Pendidikan[[#This Row],[2024]]="n.a"), "-", Pendidikan[[#This Row],[2025]]-Pendidikan[[#This Row],[2024]]) -> -1622 | L48: - | M48: =IFERROR(H48/Pendidikan[[#This Row],[2022]], "-") -> - | N48: =IFERROR(I48/Pendidikan[[#This Row],[2023]], "-") -> - | O48: =IFERROR(J48/Pendidikan[[#This Row],[2024]], "-") -> -0.6949443
A49: Pahang | B49: n.a | C49: 423 | D49: 1300 | E49: 150 | G49: - | H49: =IF(OR(Pendidikan[[#This Row],[2023]]="n.a",Pendidikan[[#This Row],[2022]]="n.a"), "-", Pendidikan[[#This Row],[2023]]-Pendidikan[[#This Row],[2022]]) -> - | I49: =IF(OR(Pendidikan[[#This Row],[2024]]="n.a",Pendidikan[[#This Row],[2023]]="n.a"), "-", Pendidikan[[#This Row],[2024]]-Pendidikan[[#This Row],[2023]]) -> 877 | J49: =IF(OR(Pendidikan[[#This Row],[2025]]="n.a",Pendidikan[[#This Row],[2024]]="n.a"), "-", Pendidikan[[#This Row],[2025]]-Pendidikan[[#This Row],[2024]]) -> -1150 | L49: - | M49: =IFERROR(H49/Pendidikan[[#This Row],[2022]], "-") -> - | N49: =IFERROR(I49/Pendidikan[[#This Row],[2023]], "-") -> 2.0732861 | O49: =IFERROR(J49/Pendidikan[[#This Row],[2024]], "-") -> -0.88461538
A50: Pulau Pinang | B50: n.a | C50: 0 | D50: 0 | E50: 60 | G50: - | H50: =IF(OR(Pendidikan[[#This Row],[2023]]="n.a",Pendidikan[[#This Row],[2022]]="n.a"), "-", Pendidikan[[#This Row],[2023]]-Pendidikan[[#This Row],[2022]]) -> - | I50: =IF(OR(Pendidikan[[#This Row],[2024]]="n.a",Pendidikan[[#This Row],[2023]]="n.a"), "-", Pendidikan[[#This Row],[2024]]-Pendidikan[[#This Row],[2023]]) -> 0 | J50: =IF(OR(Pendidikan[[#This Row],[2025]]="n.a",Pendidikan[[#This Row],[2024]]="n.a"), "-", Pendidikan[[#This Row],[2025]]-Pendidikan[[#This Row],[2024]]) -> 60 | L50: - | M50: =IFERROR(H50/Pendidikan[[#This Row],[2022]], "-") -> - | N50: =IFERROR(I50/Pendidikan[[#This Row],[2023]], "-") -> - | O50: =IFERROR(J50/Pendidikan[[#This Row],[2024]], "-") -> -
A51: Perak | B51: n.a | C51: 0 | D51: 102.6 | E51: 171 | G51: - | H51: =IF(OR(Pendidikan[[#This Row],[2023]]="n.a",Pendidikan[[#This Row],[2022]]="n.a"), "-", Pendidikan[[#This Row],[2023]]-Pendidikan[[#This Row],[2022]]) -> - | I51: =IF(OR(Pendidikan[[#This Row],[2024]]="n.a",Pendidikan[[#This Row],[2023]]="n.a"), "-", Pendidikan[[#This Row],[2024]]-Pendidikan[[#This Row],[2023]]) -> 102.6 | J51: =IF(OR(Pendidikan[[#This Row],[2025]]="n.a",Pendidikan[[#This Row],[2024]]="n.a"), "-", Pendidikan[[#This Row],[2025]]-Pendidikan[[#This Row],[2024]]) -> 68.4 | L51: - | M51: =IFERROR(H51/Pendidikan[[#This Row],[2022]], "-") -> - | N51: =IFERROR(I51/Pendidikan[[#This Row],[2023]], "-") -> - | O51: =IFERROR(J51/Pendidikan[[#This Row],[2024]], "-") -> 0.66666667
A52: Perlis | B52: n.a | C52: 0 | D52: 0 | E52: 25.06875 | G52: - | H52: =IF(OR(Pendidikan[[#This Row],[2023]]="n.a",Pendidikan[[#This Row],[2022]]="n.a"), "-", Pendidikan[[#This Row],[2023]]-Pendidikan[[#This Row],[2022]]) -> - | I52: =IF(OR(Pendidikan[[#This Row],[2024]]="n.a",Pendidikan[[#This Row],[2023]]="n.a"), "-", Pendidikan[[#This Row],[2024]]-Pendidikan[[#This Row],[2023]]) -> 0 | J52: =IF(OR(Pendidikan[[#This Row],[2025]]="n.a",Pendidikan[[#This Row],[2024]]="n.a"), "-", Pendidikan[[#This Row],[2025]]-Pendidikan[[#This Row],[2024]]) -> 25.06875 | L52: - | M52: =IFERROR(H52/Pendidikan[[#This Row],[2022]], "-") -> - | N52: =IFERROR(I52/Pendidikan[[#This Row],[2023]], "-") -> - | O52: =IFERROR(J52/Pendidikan[[#This Row],[2024]], "-") -> -
A53: Selangor | B53: n.a | C53: 0 | D53: 680 | E53: 59.789 | G53: - | H53: =IF(OR(Pendidikan[[#This Row],[2023]]="n.a",Pendidikan[[#This Row],[2022]]="n.a"), "-", Pendidikan[[#This Row],[2023]]-Pendidikan[[#This Row],[2022]]) -> - | I53: =IF(OR(Pendidikan[[#This Row],[2024]]="n.a",Pendidikan[[#This Row],[2023]]="n.a"), "-", Pendidikan[[#This Row],[2024]]-Pendidikan[[#This Row],[2023]]) -> 680 | J53: =IF(OR(Pendidikan[[#This Row],[2025]]="n.a",Pendidikan[[#This Row],[2024]]="n.a"), "-", Pendidikan[[#This Row],[2025]]-Pendidikan[[#This Row],[2024]]) -> -620.211 | L53: - | M53: =IFERROR(H53/Pendidikan[[#This Row],[2022]], "-") -> - | N53: =IFERROR(I53/Pendidikan[[#This Row],[2023]], "-") -> - | O53: =IFERROR(J53/Pendidikan[[#This Row],[2024]], "-") -> -0.912075
A54: Terengganu | B54: n.a | C54: 7663 | D54: 5201.8724 | E54: 1884.3803 | G54: - | H54: =IF(OR(Pendidikan[[#This Row],[2023]]="n.a",Pendidikan[[#This Row],[2022]]="n.a"), "-", Pendidikan[[#This Row],[2023]]-Pendidikan[[#This Row],[2022]]) -> - | I54: =IF(OR(Pendidikan[[#This Row],[2024]]="n.a",Pendidikan[[#This Row],[2023]]="n.a"), "-", Pendidikan[[#This Row],[2024]]-Pendidikan[[#This Row],[2023]]) -> -2461.1276 | J54: =IF(OR(Pendidikan[[#This Row],[2025]]="n.a",Pendidikan[[#This Row],[2024]]="n.a"), "-", Pendidikan[[#This Row],[2025]]-Pendidikan[[#This Row],[2024]]) -> -3317.4922 | L54: - | M54: =IFERROR(H54/Pendidikan[[#This Row],[2022]], "-") -> - | N54: =IFERROR(I54/Pendidikan[[#This Row],[2023]], "-") -> -0.32117024 | O54: =IFERROR(J54/Pendidikan[[#This Row],[2024]], "-") -> -0.63774962
... A59: W.P. Putrajaya | B59: n.a | C59: 0 | D59: 18 | E59: 0 | G59: - | H59: =IF(OR(Pendidikan[[#This Row],[2023]]="n.a",Pendidikan[[#This Row],[2022]]="n.a"), "-", Pendidikan[[#This Row],[2023]]-Pendidikan[[#This Row],[2022]]) -> - | I59: =IF(OR(Pendidikan[[#This Row],[2024]]="n.a",Pendidikan[[#This Row],[2023]]="n.a"), "-", Pendidikan[[#This Row],[2024]]-Pendidikan[[#This Row],[2023]]) -> 18 | J59: =IF(OR(Pendidikan[[#This Row],[2025]]="n.a",Pendidikan[[#This Row],[2024]]="n.a"), "-", Pendidikan[[#This Row],[2025]]-Pendidikan[[#This Row],[2024]]) -> -18 | L59: - | M59: =IFERROR(H59/Pendidikan[[#This Row],[2022]], "-") -> - | N59: =IFERROR(I59/Pendidikan[[#This Row],[2023]], "-") -> - | O59: =IFERROR(J59/Pendidikan[[#This Row],[2024]], "-") -> -1
B61: (D) Kemajuan Desa dan Wilayah | G61: Movement | L61: YoY
A62: Column1 | B62: 2022 | C62: 2023 | D62: 2024 | E62: 2025 | G62: 2022 | H62: 2023 | I62: 2024 | J62: 2025 | L62: 2022 | M62: 2023 | N62: 2024 | O62: 2025
A63: Malaysia | B63: n.a | C63: n.a | D63: 21992.691 | E63: 10355 | G63: - | H63: =IF(OR(KemajuanDesa[[#This Row],[2023]]="n.a",KemajuanDesa[[#This Row],[2022]]="n.a"), "-", KemajuanDesa[[#This Row],[2023]]-KemajuanDesa[[#This Row],[2022]]) -> - | I63: =IF(OR(KemajuanDesa[[#This Row],[2024]]="n.a",KemajuanDesa[[#This Row],[2023]]="n.a"), "-", KemajuanDesa[[#This Row],[2024]]-KemajuanDesa[[#This Row],[2023]]) -> - | J63: =IF(OR(KemajuanDesa[[#This Row],[2025]]="n.a",KemajuanDesa[[#This Row],[2024]]="n.a"), "-", KemajuanDesa[[#This Row],[2025]]-KemajuanDesa[[#This Row],[2024]]) -> -11637.691 | L63: - | M63: =IFERROR(H63/KemajuanDesa[[#This Row],[2022]], "-") -> - | N63: =IFERROR(I63/KemajuanDesa[[#This Row],[2023]], "-") -> - | O63: =IFERROR(J63/KemajuanDesa[[#This Row],[2024]], "-") -> -0.52916175
A64: Johor | B64: n.a | C64: n.a | D64: 108.08 | E64: 30 | G64: - | H64: =IF(OR(KemajuanDesa[[#This Row],[2023]]="n.a",KemajuanDesa[[#This Row],[2022]]="n.a"), "-", KemajuanDesa[[#This Row],[2023]]-KemajuanDesa[[#This Row],[2022]]) -> - | I64: =IF(OR(KemajuanDesa[[#This Row],[2024]]="n.a",KemajuanDesa[[#This Row],[2023]]="n.a"), "-", KemajuanDesa[[#This Row],[2024]]-KemajuanDesa[[#This Row],[2023]]) -> - | J64: =IF(OR(KemajuanDesa[[#This Row],[2025]]="n.a",KemajuanDesa[[#This Row],[2024]]="n.a"), "-", KemajuanDesa[[#This Row],[2025]]-KemajuanDesa[[#This Row],[2024]]) -> -78.08 | L64: - | M64: =IFERROR(H64/KemajuanDesa[[#This Row],[2022]], "-") -> - | N64: =IFERROR(I64/KemajuanDesa[[#This Row],[2023]], "-") -> - | O64: =IFERROR(J64/KemajuanDesa[[#This Row],[2024]], "-") -> -0.72242783
A65: Kedah | B65: n.a | C65: n.a | D65: 613.385 | E65: 210 | G65: - | H65: =IF(OR(KemajuanDesa[[#This Row],[2023]]="n.a",KemajuanDesa[[#This Row],[2022]]="n.a"), "-", KemajuanDesa[[#This Row],[2023]]-KemajuanDesa[[#This Row],[2022]]) -> - | I65: =IF(OR(KemajuanDesa[[#This Row],[2024]]="n.a",KemajuanDesa[[#This Row],[2023]]="n.a"), "-", KemajuanDesa[[#This Row],[2024]]-KemajuanDesa[[#This Row],[2023]]) -> - | J65: =IF(OR(KemajuanDesa[[#This Row],[2025]]="n.a",KemajuanDesa[[#This Row],[2024]]="n.a"), "-", KemajuanDesa[[#This Row],[2025]]-KemajuanDesa[[#This Row],[2024]]) -> -403.385 | L65: - | M65: =IFERROR(H65/KemajuanDesa[[#This Row],[2022]], "-") -> - | N65: =IFERROR(I65/KemajuanDesa[[#This Row],[2023]], "-") -> - | O65: =IFERROR(J65/KemajuanDesa[[#This Row],[2024]], "-") -> -0.65763754
A66: Kelantan | B66: n.a | C66: n.a | D66: 5978.74 | E66: 4440 | G66: - | H66: =IF(OR(KemajuanDesa[[#This Row],[2023]]="n.a",KemajuanDesa[[#This Row],[2022]]="n.a"), "-", KemajuanDesa[[#This Row],[2023]]-KemajuanDesa[[#This Row],[2022]]) -> - | I66: =IF(OR(KemajuanDesa[[#This Row],[2024]]="n.a",KemajuanDesa[[#This Row],[2023]]="n.a"), "-", KemajuanDesa[[#This Row],[2024]]-KemajuanDesa[[#This Row],[2023]]) -> - | J66: =IF(OR(KemajuanDesa[[#This Row],[2025]]="n.a",KemajuanDesa[[#This Row],[2024]]="n.a"), "-", KemajuanDesa[[#This Row],[2025]]-KemajuanDesa[[#This Row],[2024]]) -> -1538.74 | L66: - | M66: =IFERROR(H66/KemajuanDesa[[#This Row],[2022]], "-") -> - | N66: =IFERROR(I66/KemajuanDesa[[#This Row],[2023]], "-") -> - | O66: =IFERROR(J66/KemajuanDesa[[#This Row],[2024]], "-") -> -0.25736861
A67: Melaka | B67: n.a | C67: n.a | D67: 0 | E67: 90 | G67: - | H67: =IF(OR(KemajuanDesa[[#This Row],[2023]]="n.a",KemajuanDesa[[#This Row],[2022]]="n.a"), "-", KemajuanDesa[[#This Row],[2023]]-KemajuanDesa[[#This Row],[2022]]) -> - | I67: =IF(OR(KemajuanDesa[[#This Row],[2024]]="n.a",KemajuanDesa[[#This Row],[2023]]="n.a"), "-", KemajuanDesa[[#This Row],[2024]]-KemajuanDesa[[#This Row],[2023]]) -> - | J67: =IF(OR(KemajuanDesa[[#This Row],[2025]]="n.a",KemajuanDesa[[#This Row],[2024]]="n.a"), "-", KemajuanDesa[[#This Row],[2025]]-KemajuanDesa[[#This Row],[2024]]) -> 90 | L67: - | M67: =IFERROR(H67/KemajuanDesa[[#This Row],[2022]], "-") -> - | N67: =IFERROR(I67/KemajuanDesa[[#This Row],[2023]], "-") -> - | O67: =IFERROR(J67/KemajuanDesa[[#This Row],[2024]], "-") -> -
A68: Negeri Sembilan | B68: n.a | C68: n.a | D68: 26.5 | E68: 270 | G68: - | H68: =IF(OR(KemajuanDesa[[#This Row],[2023]]="n.a",KemajuanDesa[[#This Row],[2022]]="n.a"), "-", KemajuanDesa[[#This Row],[2023]]-KemajuanDesa[[#This Row],[2022]]) -> - | I68: =IF(OR(KemajuanDesa[[#This Row],[2024]]="n.a",KemajuanDesa[[#This Row],[2023]]="n.a"), "-", KemajuanDesa[[#This Row],[2024]]-KemajuanDesa[[#This Row],[2023]]) -> - | J68: =IF(OR(KemajuanDesa[[#This Row],[2025]]="n.a",KemajuanDesa[[#This Row],[2024]]="n.a"), "-", KemajuanDesa[[#This Row],[2025]]-KemajuanDesa[[#This Row],[2024]]) -> 243.5 | L68: - | M68: =IFERROR(H68/KemajuanDesa[[#This Row],[2022]], "-") -> - | N68: =IFERROR(I68/KemajuanDesa[[#This Row],[2023]], "-") -> - | O68: =IFERROR(J68/KemajuanDesa[[#This Row],[2024]], "-") -> 9.1886792
A69: Pahang | B69: n.a | C69: n.a | D69: 177 | E69: 95 | G69: - | H69: =IF(OR(KemajuanDesa[[#This Row],[2023]]="n.a",KemajuanDesa[[#This Row],[2022]]="n.a"), "-", KemajuanDesa[[#This Row],[2023]]-KemajuanDesa[[#This Row],[2022]]) -> - | I69: =IF(OR(KemajuanDesa[[#This Row],[2024]]="n.a",KemajuanDesa[[#This Row],[2023]]="n.a"), "-", KemajuanDesa[[#This Row],[2024]]-KemajuanDesa[[#This Row],[2023]]) -> - | J69: =IF(OR(KemajuanDesa[[#This Row],[2025]]="n.a",KemajuanDesa[[#This Row],[2024]]="n.a"), "-", KemajuanDesa[[#This Row],[2025]]-KemajuanDesa[[#This Row],[2024]]) -> -82 | L69: - | M69: =IFERROR(H69/KemajuanDesa[[#This Row],[2022]], "-") -> - | N69: =IFERROR(I69/KemajuanDesa[[#This Row],[2023]], "-") -> - | O69: =IFERROR(J69/KemajuanDesa[[#This Row],[2024]], "-") -> -0.46327684
A70: Pulau Pinang | B70: n.a | C70: n.a | D70: 1 | E70: 0 | G70: - | H70: =IF(OR(KemajuanDesa[[#This Row],[2023]]="n.a",KemajuanDesa[[#This Row],[2022]]="n.a"), "-", KemajuanDesa[[#This Row],[2023]]-KemajuanDesa[[#This Row],[2022]]) -> - | I70: =IF(OR(KemajuanDesa[[#This Row],[2024]]="n.a",KemajuanDesa[[#This Row],[2023]]="n.a"), "-", KemajuanDesa[[#This Row],[2024]]-KemajuanDesa[[#This Row],[2023]]) -> - | J70: =IF(OR(KemajuanDesa[[#This Row],[2025]]="n.a",KemajuanDesa[[#This Row],[2024]]="n.a"), "-", KemajuanDesa[[#This Row],[2025]]-KemajuanDesa[[#This Row],[2024]]) -> -1 | L70: - | M70: =IFERROR(H70/KemajuanDesa[[#This Row],[2022]], "-") -> - | N70: =IFERROR(I70/KemajuanDesa[[#This Row],[2023]], "-") -> - | O70: =IFERROR(J70/KemajuanDesa[[#This Row],[2024]], "-") -> -1
A71: Perak | B71: n.a | C71: n.a | D71: 167.699 | E71: 520 | G71: - | H71: =IF(OR(KemajuanDesa[[#This Row],[2023]]="n.a",KemajuanDesa[[#This Row],[2022]]="n.a"), "-", KemajuanDesa[[#This Row],[2023]]-KemajuanDesa[[#This Row],[2022]]) -> - | I71: =IF(OR(KemajuanDesa[[#This Row],[2024]]="n.a",KemajuanDesa[[#This Row],[2023]]="n.a"), "-", KemajuanDesa[[#This Row],[2024]]-KemajuanDesa[[#This Row],[2023]]) -> - | J71: =IF(OR(KemajuanDesa[[#This Row],[2025]]="n.a",KemajuanDesa[[#This Row],[2024]]="n.a"), "-", KemajuanDesa[[#This Row],[2025]]-KemajuanDesa[[#This Row],[2024]]) -> 352.301 | L71: - | M71: =IFERROR(H71/KemajuanDesa[[#This Row],[2022]], "-") -> - | N71: =IFERROR(I71/KemajuanDesa[[#This Row],[2023]], "-") -> - | O71: =IFERROR(J71/KemajuanDesa[[#This Row],[2024]], "-") -> 2.1007937
A72: Perlis | B72: n.a | C72: n.a | D72: 0.5 | E72: 760 | G72: - | H72: =IF(OR(KemajuanDesa[[#This Row],[2023]]="n.a",KemajuanDesa[[#This Row],[2022]]="n.a"), "-", KemajuanDesa[[#This Row],[2023]]-KemajuanDesa[[#This Row],[2022]]) -> - | I72: =IF(OR(KemajuanDesa[[#This Row],[2024]]="n.a",KemajuanDesa[[#This Row],[2023]]="n.a"), "-", KemajuanDesa[[#This Row],[2024]]-KemajuanDesa[[#This Row],[2023]]) -> - | J72: =IF(OR(KemajuanDesa[[#This Row],[2025]]="n.a",KemajuanDesa[[#This Row],[2024]]="n.a"), "-", KemajuanDesa[[#This Row],[2025]]-KemajuanDesa[[#This Row],[2024]]) -> 759.5 | L72: - | M72: =IFERROR(H72/KemajuanDesa[[#This Row],[2022]], "-") -> - | N72: =IFERROR(I72/KemajuanDesa[[#This Row],[2023]], "-") -> - | O72: =IFERROR(J72/KemajuanDesa[[#This Row],[2024]], "-") -> 1519
A73: Selangor | B73: n.a | C73: n.a | D73: 0 | E73: 0 | G73: - | H73: =IF(OR(KemajuanDesa[[#This Row],[2023]]="n.a",KemajuanDesa[[#This Row],[2022]]="n.a"), "-", KemajuanDesa[[#This Row],[2023]]-KemajuanDesa[[#This Row],[2022]]) -> - | I73: =IF(OR(KemajuanDesa[[#This Row],[2024]]="n.a",KemajuanDesa[[#This Row],[2023]]="n.a"), "-", KemajuanDesa[[#This Row],[2024]]-KemajuanDesa[[#This Row],[2023]]) -> - | J73: =IF(OR(KemajuanDesa[[#This Row],[2025]]="n.a",KemajuanDesa[[#This Row],[2024]]="n.a"), "-", KemajuanDesa[[#This Row],[2025]]-KemajuanDesa[[#This Row],[2024]]) -> 0 | L73: - | M73: =IFERROR(H73/KemajuanDesa[[#This Row],[2022]], "-") -> - | N73: =IFERROR(I73/KemajuanDesa[[#This Row],[2023]], "-") -> - | O73: =IFERROR(J73/KemajuanDesa[[#This Row],[2024]], "-") -> -
A74: Terengganu | B74: n.a | C74: n.a | D74: 14869.792 | E74: 2300 | G74: - | H74: =IF(OR(KemajuanDesa[[#This Row],[2023]]="n.a",KemajuanDesa[[#This Row],[2022]]="n.a"), "-", KemajuanDesa[[#This Row],[2023]]-KemajuanDesa[[#This Row],[2022]]) -> - | I74: =IF(OR(KemajuanDesa[[#This Row],[2024]]="n.a",KemajuanDesa[[#This Row],[2023]]="n.a"), "-", KemajuanDesa[[#This Row],[2024]]-KemajuanDesa[[#This Row],[2023]]) -> - | J74: =IF(OR(KemajuanDesa[[#This Row],[2025]]="n.a",KemajuanDesa[[#This Row],[2024]]="n.a"), "-", KemajuanDesa[[#This Row],[2025]]-KemajuanDesa[[#This Row],[2024]]) -> -12569.792 | L74: - | M74: =IFERROR(H74/KemajuanDesa[[#This Row],[2022]], "-") -> - | N74: =IFERROR(I74/KemajuanDesa[[#This Row],[2023]], "-") -> - | O74: =IFERROR(J74/KemajuanDesa[[#This Row],[2024]], "-") -> -0.845324
... A79: W.P. Putrajaya | B79: n.a | C79: n.a | D79: 0 | E79: 0 | G79: - | H79: =IF(OR(KemajuanDesa[[#This Row],[2023]]="n.a",KemajuanDesa[[#This Row],[2022]]="n.a"), "-", KemajuanDesa[[#This Row],[2023]]-KemajuanDesa[[#This Row],[2022]]) -> - | I79: =IF(OR(KemajuanDesa[[#This Row],[2024]]="n.a",KemajuanDesa[[#This Row],[2023]]="n.a"), "-", KemajuanDesa[[#This Row],[2024]]-KemajuanDesa[[#This Row],[2023]]) -> - | J79: =IF(OR(KemajuanDesa[[#This Row],[2025]]="n.a",KemajuanDesa[[#This Row],[2024]]="n.a"), "-", KemajuanDesa[[#This Row],[2025]]-KemajuanDesa[[#This Row],[2024]]) -> 0 | L79: - | M79: =IFERROR(H79/KemajuanDesa[[#This Row],[2022]], "-") -> - | N79: =IFERROR(I79/KemajuanDesa[[#This Row],[2023]], "-") -> - | O79: =IFERROR(J79/KemajuanDesa[[#This Row],[2024]], "-") -> -

Sheet JKRQuery (2)
A1: State | B1: Year | C1: Value | D1: Category
A2: Johor | B2: 2022 | C2: 0 | D2: Road
A3: Johor | B3: 2023 | C3: 0 | D3: Road
A4: Johor | B4: 2024 | C4: 12510 | D4: Road
A5: Johor | B5: 2025 | C5: 12510 | D5: Road
A6: Kedah | B6: 2022 | C6: 0 | D6: Road
A7: Kedah | B7: 2023 | C7: 0 | D7: Road
A8: Kedah | B8: 2024 | C8: 100 | D8: Road
A9: Kedah | B9: 2025 | C9: 100 | D9: Road
A10: Kelantan | B10: 2022 | C10: 18700 | D10: Road
A11: Kelantan | B11: 2023 | C11: 0 | D11: Road
A12: Kelantan | B12: 2024 | C12: 12680 | D12: Road
A13: Kelantan | B13: 2025 | C13: 12680 | D13: Road
... A169: W.P. Kuala Lumpur | B169: 2025 | C169: 0 | D169: Electric

Sheet JKR Losses
A1: Negeri State | B1: Penyenggaraan jalan Road maintenance (RM '000) | G1: Movement | L1: YoY %
A2: Column1 | B2: 2022 | C2: 2023 | D2: 2024 | E2: 2025 | G2: 2022 | H2: 2023 | I2: 2024 | J2: 2025 | L2: 2022 | M2: 2023 | N2: 2024 | O2: 2025
A3: Malaysia | B3: =B4+B5+B6+B7+B8+B9+B11+B13+B14 -> 31315.751 | C3: n.a | D3: 43170 | E3: 42670 | G3: - | H3: =IF(OR(Road[[#This Row],[2023]]="n.a", Road[[#This Row],[2022]]="n.a"),"-", Road[[#This Row],[2023]]-Road[[#This Row],[2022]]) -> - | I3: =IF(OR(Road[[#This Row],[2024]]="n.a", Road[[#This Row],[2023]]="n.a"),"-", Road[[#This Row],[2024]]-Road[[#This Row],[2023]]) -> - | J3: =IF(OR(Road[[#This Row],[2025]]="n.a", Road[[#This Row],[2024]]="n.a"),"-", Road[[#This Row],[2025]]-Road[[#This Row],[2024]]) -> -500 | L3: - | M3: =IF(OR(Road[[#This Row],[2022]]="n.a", Road[[#This Row],[2022]]=0, Road[[#This Row],[2023]]="n.a"), "-", H3/Road[[#This Row],[2022]]) -> - | N3: =IF(OR(Road[[#This Row],[2023]]="n.a", Road[[#This Row],[2023]]=0, Road[[#This Row],[2024]]="n.a"), "-", I3/Road[[#This Row],[2023]]) -> - | O3: =IF(OR(Road[[#This Row],[2024]]="n.a", Road[[#This Row],[2024]]=0, Road[[#This Row],[2025]]="n.a"), "-", J3/Road[[#This Row],[2024]]) -> -0.011582117
A4: Johor | B4: 0 | C4: n.a | D4: 12510 | E4: 12510 | G4: - | H4: =IF(OR(Road[[#This Row],[2023]]="n.a", Road[[#This Row],[2022]]="n.a"),"-", Road[[#This Row],[2023]]-Road[[#This Row],[2022]]) -> - | I4: =IF(OR(Road[[#This Row],[2024]]="n.a", Road[[#This Row],[2023]]="n.a"),"-", Road[[#This Row],[2024]]-Road[[#This Row],[2023]]) -> - | J4: =IF(OR(Road[[#This Row],[2025]]="n.a", Road[[#This Row],[2024]]="n.a"),"-", Road[[#This Row],[2025]]-Road[[#This Row],[2024]]) -> 0 | L4: - | M4: =IF(OR(Road[[#This Row],[2022]]="n.a", Road[[#This Row],[2022]]=0, Road[[#This Row],[2023]]="n.a"), "-", H4/Road[[#This Row],[2022]]) -> - | N4: =IF(OR(Road[[#This Row],[2023]]="n.a", Road[[#This Row],[2023]]=0, Road[[#This Row],[2024]]="n.a"), "-", I4/Road[[#This Row],[2023]]) -> - | O4: =IF(OR(Road[[#This Row],[2024]]="n.a", Road[[#This Row],[2024]]=0, Road[[#This Row],[2025]]="n.a"), "-", J4/Road[[#This Row],[2024]]) -> 0
A5: Kedah | B5: 0 | C5: n.a | D5: 100 | E5: 100 | G5: - | H5: =IF(OR(Road[[#This Row],[2023]]="n.a", Road[[#This Row],[2022]]="n.a"),"-", Road[[#This Row],[2023]]-Road[[#This Row],[2022]]) -> - | I5: =IF(OR(Road[[#This Row],[2024]]="n.a", Road[[#This Row],[2023]]="n.a"),"-", Road[[#This Row],[2024]]-Road[[#This Row],[2023]]) -> - | J5: =IF(OR(Road[[#This Row],[2025]]="n.a", Road[[#This Row],[2024]]="n.a"),"-", Road[[#This Row],[2025]]-Road[[#This Row],[2024]]) -> 0 | L5: - | M5: =IF(OR(Road[[#This Row],[2022]]="n.a", Road[[#This Row],[2022]]=0, Road[[#This Row],[2023]]="n.a"), "-", H5/Road[[#This Row],[2022]]) -> - | N5: =IF(OR(Road[[#This Row],[2023]]="n.a", Road[[#This Row],[2023]]=0, Road[[#This Row],[2024]]="n.a"), "-", I5/Road[[#This Row],[2023]]) -> - | O5: =IF(OR(Road[[#This Row],[2024]]="n.a", Road[[#This Row],[2024]]=0, Road[[#This Row],[2025]]="n.a"), "-", J5/Road[[#This Row],[2024]]) -> 0
A6: Kelantan | B6: 18700 | C6: n.a | D6: 12680 | E6: 12680 | G6: - | H6: =IF(OR(Road[[#This Row],[2023]]="n.a", Road[[#This Row],[2022]]="n.a"),"-", Road[[#This Row],[2023]]-Road[[#This Row],[2022]]) -> - | I6: =IF(OR(Road[[#This Row],[2024]]="n.a", Road[[#This Row],[2023]]="n.a"),"-", Road[[#This Row],[2024]]-Road[[#This Row],[2023]]) -> - | J6: =IF(OR(Road[[#This Row],[2025]]="n.a", Road[[#This Row],[2024]]="n.a"),"-", Road[[#This Row],[2025]]-Road[[#This Row],[2024]]) -> 0 | L6: - | M6: =IF(OR(Road[[#This Row],[2022]]="n.a", Road[[#This Row],[2022]]=0, Road[[#This Row],[2023]]="n.a"), "-", H6/Road[[#This Row],[2022]]) -> - | N6: =IF(OR(Road[[#This Row],[2023]]="n.a", Road[[#This Row],[2023]]=0, Road[[#This Row],[2024]]="n.a"), "-", I6/Road[[#This Row],[2023]]) -> - | O6: =IF(OR(Road[[#This Row],[2024]]="n.a", Road[[#This Row],[2024]]=0, Road[[#This Row],[2025]]="n.a"), "-", J6/Road[[#This Row],[2024]]) -> 0
A7: Melaka | B7: 0 | C7: n.a | D7: 0 | E7: 0 | G7: - | H7: =IF(OR(Road[[#This Row],[2023]]="n.a", Road[[#This Row],[2022]]="n.a"),"-", Road[[#This Row],[2023]]-Road[[#This Row],[2022]]) -> - | I7: =IF(OR(Road[[#This Row],[2024]]="n.a", Road[[#This Row],[2023]]="n.a"),"-", Road[[#This Row],[2024]]-Road[[#This Row],[2023]]) -> - | J7: =IF(OR(Road[[#This Row],[2025]]="n.a", Road[[#This Row],[2024]]="n.a"),"-", Road[[#This Row],[2025]]-Road[[#This Row],[2024]]) -> 0 | L7: - | M7: =IF(OR(Road[[#This Row],[2022]]="n.a", Road[[#This Row],[2022]]=0, Road[[#This Row],[2023]]="n.a"), "-", H7/Road[[#This Row],[2022]]) -> - | N7: =IF(OR(Road[[#This Row],[2023]]="n.a", Road[[#This Row],[2023]]=0, Road[[#This Row],[2024]]="n.a"), "-", I7/Road[[#This Row],[2023]]) -> - | O7: =IF(OR(Road[[#This Row],[2024]]="n.a", Road[[#This Row],[2024]]=0, Road[[#This Row],[2025]]="n.a"), "-", J7/Road[[#This Row],[2024]]) -> -
A8: Negeri Sembilan | B8: 0 | C8: n.a | D8: 1350 | E8: 850 | G8: - | H8: =IF(OR(Road[[#This Row],[2023]]="n.a", Road[[#This Row],[2022]]="n.a"),"-", Road[[#This Row],[2023]]-Road[[#This Row],[2022]]) -> - | I8: =IF(OR(Road[[#This Row],[2024]]="n.a", Road[[#This Row],[2023]]="n.a"),"-", Road[[#This Row],[2024]]-Road[[#This Row],[2023]]) -> - | J8: =IF(OR(Road[[#This Row],[2025]]="n.a", Road[[#This Row],[2024]]="n.a"),"-", Road[[#This Row],[2025]]-Road[[#This Row],[2024]]) -> -500 | L8: - | M8: =IF(OR(Road[[#This Row],[2022]]="n.a", Road[[#This Row],[2022]]=0, Road[[#This Row],[2023]]="n.a"), "-", H8/Road[[#This Row],[2022]]) -> - | N8: =IF(OR(Road[[#This Row],[2023]]="n.a", Road[[#This Row],[2023]]=0, Road[[#This Row],[2024]]="n.a"), "-", I8/Road[[#This Row],[2023]]) -> - | O8: =IF(OR(Road[[#This Row],[2024]]="n.a", Road[[#This Row],[2024]]=0, Road[[#This Row],[2025]]="n.a"), "-", J8/Road[[#This Row],[2024]]) -> -0.37037037
A9: Pahang | B9: 0 | C9: n.a | D9: 0 | E9: 0 | G9: - | H9: =IF(OR(Road[[#This Row],[2023]]="n.a", Road[[#This Row],[2022]]="n.a"),"-", Road[[#This Row],[2023]]-Road[[#This Row],[2022]]) -> - | I9: =IF(OR(Road[[#This Row],[2024]]="n.a", Road[[#This Row],[2023]]="n.a"),"-", Road[[#This Row],[2024]]-Road[[#This Row],[2023]]) -> - | J9: =IF(OR(Road[[#This Row],[2025]]="n.a", Road[[#This Row],[2024]]="n.a"),"-", Road[[#This Row],[2025]]-Road[[#This Row],[2024]]) -> 0 | L9: - | M9: =IF(OR(Road[[#This Row],[2022]]="n.a", Road[[#This Row],[2022]]=0, Road[[#This Row],[2023]]="n.a"), "-", H9/Road[[#This Row],[2022]]) -> - | N9: =IF(OR(Road[[#This Row],[2023]]="n.a", Road[[#This Row],[2023]]=0, Road[[#This Row],[2024]]="n.a"), "-", I9/Road[[#This Row],[2023]]) -> - | O9: =IF(OR(Road[[#This Row],[2024]]="n.a", Road[[#This Row],[2024]]=0, Road[[#This Row],[2025]]="n.a"), "-", J9/Road[[#This Row],[2024]]) -> -
A10: Pulau Pinang | B10: 0 | C10: n.a | D10: 0 | E10: 0 | G10: - | H10: =IF(OR(Road[[#This Row],[2023]]="n.a", Road[[#This Row],[2022]]="n.a"),"-", Road[[#This Row],[2023]]-Road[[#This Row],[2022]]) -> - | I10: =IF(OR(Road[[#This Row],[2024]]="n.a", Road[[#This Row],[2023]]="n.a"),"-", Road[[#This Row],[2024]]-Road[[#This Row],[2023]]) -> - | J10: =IF(OR(Road[[#This Row],[2025]]="n.a", Road[[#This Row],[2024]]="n.a"),"-", Road[[#This Row],[2025]]-Road[[#This Row],[2024]]) -> 0 | L10: - | M10: =IF(OR(Road[[#This Row],[2022]]="n.a", Road[[#This Row],[2022]]=0, Road[[#This Row],[2023]]="n.a"), "-", H10/Road[[#This Row],[2022]]) -> - | N10: =IF(OR(Road[[#This Row],[2023]]="n.a", Road[[#This Row],[2023]]=0, Road[[#This Row],[2024]]="n.a"), "-", I10/Road[[#This Row],[2023]]) -> - | O10: =IF(OR(Road[[#This Row],[2024]]="n.a", Road[[#This Row],[2024]]=0, Road[[#This Row],[2025]]="n.a"), "-", J10/Road[[#This Row],[2024]]) -> -
A11: Perak | B11: 2789.7515 | C11: n.a | D11: 400 | E11: 400 | G11: - | H11: =IF(OR(Road[[#This Row],[2023]]="n.a", Road[[#This Row],[2022]]="n.a"),"-", Road[[#This Row],[2023]]-Road[[#This Row],[2022]]) -> - | I11: =IF(OR(Road[[#This Row],[2024]]="n.a", Road[[#This Row],[2023]]="n.a"),"-", Road[[#This Row],[2024]]-Road[[#This Row],[2023]]) -> - | J11: =IF(OR(Road[[#This Row],[2025]]="n.a", Road[[#This Row],[2024]]="n.a"),"-", Road[[#This Row],[2025]]-Road[[#This Row],[2024]]) -> 0 | L11: - | M11: =IF(OR(Road[[#This Row],[2022]]="n.a", Road[[#This Row],[2022]]=0, Road[[#This Row],[2023]]="n.a"), "-", H11/Road[[#This Row],[2022]]) -> - | N11: =IF(OR(Road[[#This Row],[2023]]="n.a", Road[[#This Row],[2023]]=0, Road[[#This Row],[2024]]="n.a"), "-", I11/Road[[#This Row],[2023]]) -> - | O11: =IF(OR(Road[[#This Row],[2024]]="n.a", Road[[#This Row],[2024]]=0, Road[[#This Row],[2025]]="n.a"), "-", J11/Road[[#This Row],[2024]]) -> 0
A12: Perlis | B12: 0 | C12: n.a | D12: 0 | E12: 0 | G12: - | H12: =IF(OR(Road[[#This Row],[2023]]="n.a", Road[[#This Row],[2022]]="n.a"),"-", Road[[#This Row],[2023]]-Road[[#This Row],[2022]]) -> - | I12: =IF(OR(Road[[#This Row],[2024]]="n.a", Road[[#This Row],[2023]]="n.a"),"-", Road[[#This Row],[2024]]-Road[[#This Row],[2023]]) -> - | J12: =IF(OR(Road[[#This Row],[2025]]="n.a", Road[[#This Row],[2024]]="n.a"),"-", Road[[#This Row],[2025]]-Road[[#This Row],[2024]]) -> 0 | L12: - | M12: =IF(OR(Road[[#This Row],[2022]]="n.a", Road[[#This Row],[2022]]=0, Road[[#This Row],[2023]]="n.a"), "-", H12/Road[[#This Row],[2022]]) -> - | N12: =IF(OR(Road[[#This Row],[2023]]="n.a", Road[[#This Row],[2023]]=0, Road[[#This Row],[2024]]="n.a"), "-", I12/Road[[#This Row],[2023]]) -> - | O12: =IF(OR(Road[[#This Row],[2024]]="n.a", Road[[#This Row],[2024]]=0, Road[[#This Row],[2025]]="n.a"), "-", J12/Road[[#This Row],[2024]]) -> -
A13: Selangor | B13: 0 | C13: n.a | D13: 0 | E13: 0 | G13: - | H13: =IF(OR(Road[[#This Row],[2023]]="n.a", Road[[#This Row],[2022]]="n.a"),"-", Road[[#This Row],[2023]]-Road[[#This Row],[2022]]) -> - | I13: =IF(OR(Road[[#This Row],[2024]]="n.a", Road[[#This Row],[2023]]="n.a"),"-", Road[[#This Row],[2024]]-Road[[#This Row],[2023]]) -> - | J13: =IF(OR(Road[[#This Row],[2025]]="n.a", Road[[#This Row],[2024]]="n.a"),"-", Road[[#This Row],[2025]]-Road[[#This Row],[2024]]) -> 0 | L13: - | M13: =IF(OR(Road[[#This Row],[2022]]="n.a", Road[[#This Row],[2022]]=0, Road[[#This Row],[2023]]="n.a"), "-", H13/Road[[#This Row],[2022]]) -> - | N13: =IF(OR(Road[[#This Row],[2023]]="n.a", Road[[#This Row],[2023]]=0, Road[[#This Row],[2024]]="n.a"), "-", I13/Road[[#This Row],[2023]]) -> - | O13: =IF(OR(Road[[#This Row],[2024]]="n.a", Road[[#This Row],[2024]]=0, Road[[#This Row],[2025]]="n.a"), "-", J13/Road[[#This Row],[2024]]) -> -
A14: Terengganu | B14: 9826 | C14: n.a | D14: 16130 | E14: 16130 | G14: - | H14: =IF(OR(Road[[#This Row],[2023]]="n.a", Road[[#This Row],[2022]]="n.a"),"-", Road[[#This Row],[2023]]-Road[[#This Row],[2022]]) -> - | I14: =IF(OR(Road[[#This Row],[2024]]="n.a", Road[[#This Row],[2023]]="n.a"),"-", Road[[#This Row],[2024]]-Road[[#This Row],[2023]]) -> - | J14: =IF(OR(Road[[#This Row],[2025]]="n.a", Road[[#This Row],[2024]]="n.a"),"-", Road[[#This Row],[2025]]-Road[[#This Row],[2024]]) -> 0 | L14: - | M14: =IF(OR(Road[[#This Row],[2022]]="n.a", Road[[#This Row],[2022]]=0, Road[[#This Row],[2023]]="n.a"), "-", H14/Road[[#This Row],[2022]]) -> - | N14: =IF(OR(Road[[#This Row],[2023]]="n.a", Road[[#This Row],[2023]]=0, Road[[#This Row],[2024]]="n.a"), "-", I14/Road[[#This Row],[2023]]) -> - | O14: =IF(OR(Road[[#This Row],[2024]]="n.a", Road[[#This Row],[2024]]=0, Road[[#This Row],[2025]]="n.a"), "-", J14/Road[[#This Row],[2024]]) -> 0
A15: Sabah | B15: 0 | C15: n.a | D15: 0 | E15: 0 | G15: - | H15: =IF(OR(Road[[#This Row],[2023]]="n.a", Road[[#This Row],[2022]]="n.a"),"-", Road[[#This Row],[2023]]-Road[[#This Row],[2022]]) -> - | I15: =IF(OR(Road[[#This Row],[2024]]="n.a", Road[[#This Row],[2023]]="n.a"),"-", Road[[#This Row],[2024]]-Road[[#This Row],[2023]]) -> - | J15: =IF(OR(Road[[#This Row],[2025]]="n.a", Road[[#This Row],[2024]]="n.a"),"-", Road[[#This Row],[2025]]-Road[[#This Row],[2024]]) -> 0 | L15: - | M15: =IF(OR(Road[[#This Row],[2022]]="n.a", Road[[#This Row],[2022]]=0, Road[[#This Row],[2023]]="n.a"), "-", H15/Road[[#This Row],[2022]]) -> - | N15: =IF(OR(Road[[#This Row],[2023]]="n.a", Road[[#This Row],[2023]]=0, Road[[#This Row],[2024]]="n.a"), "-", I15/Road[[#This Row],[2023]]) -> - | O15: =IF(OR(Road[[#This Row],[2024]]="n.a", Road[[#This Row],[2024]]=0, Road[[#This Row],[2025]]="n.a"), "-", J15/Road[[#This Row],[2024]]) -> -
... A17: W.P. Kuala Lumpur | B17: 0 | C17: n.a | D17: 0 | E17: 0 | G17: - | H17: =IF(OR(Road[[#This Row],[2023]]="n.a", Road[[#This Row],[2022]]="n.a"),"-", Road[[#This Row],[2023]]-Road[[#This Row],[2022]]) -> - | I17: =IF(OR(Road[[#This Row],[2024]]="n.a", Road[[#This Row],[2023]]="n.a"),"-", Road[[#This Row],[2024]]-Road[[#This Row],[2023]]) -> - | J17: =IF(OR(Road[[#This Row],[2025]]="n.a", Road[[#This Row],[2024]]="n.a"),"-", Road[[#This Row],[2025]]-Road[[#This Row],[2024]]) -> 0 | L17: - | M17: =IF(OR(Road[[#This Row],[2022]]="n.a", Road[[#This Row],[2022]]=0, Road[[#This Row],[2023]]="n.a"), "-", H17/Road[[#This Row],[2022]]) -> - | N17: =IF(OR(Road[[#This Row],[2023]]="n.a", Road[[#This Row],[2023]]=0, Road[[#This Row],[2024]]="n.a"), "-", I17/Road[[#This Row],[2023]]) -> - | O17: =IF(OR(Road[[#This Row],[2024]]="n.a", Road[[#This Row],[2024]]=0, Road[[#This Row],[2025]]="n.a"), "-", J17/Road[[#This Row],[2024]]) -> -
A19: Negeri State | B19: Penyenggaraan jambatan Bridge maintenance (RM '000) | G19: Movement | L19: YoY %
A20: Column1 | B20: 2022 | C20: 2023 | D20: 2024 | E20: 2025 | G20: 2022 | H20: 2023 | I20: 2024 | J20: 2025 | L20: 2022 | M20: 2023 | N20: 2024 | O20: 2025
A21: Malaysia | B21: =B22+B23+B24+B25+B26+B27+B29+B31+B32 -> 6999 | C21: n.a | D21: 1500 | E21: 1500 | G21: - | H21: =IF(OR(Bridge[[#This Row],[2023]]="n.a", Bridge[[#This Row],[2022]]="n.a"),"-", Bridge[[#This Row],[2023]]-Bridge[[#This Row],[2022]]) -> - | I21: =IF(OR(Bridge[[#This Row],[2024]]="n.a", Bridge[[#This Row],[2023]]="n.a"),"-", Bridge[[#This Row],[2024]]-Bridge[[#This Row],[2023]]) -> - | J21: =IF(OR(Bridge[[#This Row],[2025]]="n.a", Bridge[[#This Row],[2024]]="n.a"),"-", Bridge[[#This Row],[2025]]-Bridge[[#This Row],[2024]]) -> 0 | L21: - | M21: =IF(OR(Bridge[[#This Row],[2022]]="n.a", Bridge[[#This Row],[2022]]=0, Bridge[[#This Row],[2023]]="n.a"), "-", H21/Bridge[[#This Row],[2022]]) -> - | N21: =IF(OR(Bridge[[#This Row],[2023]]="n.a", Bridge[[#This Row],[2023]]=0, Bridge[[#This Row],[2024]]="n.a"), "-", I21/Bridge[[#This Row],[2023]]) -> - | O21: =IF(OR(Bridge[[#This Row],[2024]]="n.a", Bridge[[#This Row],[2024]]=0, Bridge[[#This Row],[2025]]="n.a"), "-", J21/Bridge[[#This Row],[2024]]) -> 0
A22: Johor | B22: 0 | C22: n.a | D22: 0 | E22: 0 | G22: - | H22: =IF(OR(Bridge[[#This Row],[2023]]="n.a", Bridge[[#This Row],[2022]]="n.a"),"-", Bridge[[#This Row],[2023]]-Bridge[[#This Row],[2022]]) -> - | I22: =IF(OR(Bridge[[#This Row],[2024]]="n.a", Bridge[[#This Row],[2023]]="n.a"),"-", Bridge[[#This Row],[2024]]-Bridge[[#This Row],[2023]]) -> - | J22: =IF(OR(Bridge[[#This Row],[2025]]="n.a", Bridge[[#This Row],[2024]]="n.a"),"-", Bridge[[#This Row],[2025]]-Bridge[[#This Row],[2024]]) -> 0 | L22: - | M22: =IF(OR(Bridge[[#This Row],[2022]]="n.a", Bridge[[#This Row],[2022]]=0, Bridge[[#This Row],[2023]]="n.a"), "-", H22/Bridge[[#This Row],[2022]]) -> - | N22: =IF(OR(Bridge[[#This Row],[2023]]="n.a", Bridge[[#This Row],[2023]]=0, Bridge[[#This Row],[2024]]="n.a"), "-", I22/Bridge[[#This Row],[2023]]) -> - | O22: =IF(OR(Bridge[[#This Row],[2024]]="n.a", Bridge[[#This Row],[2024]]=0, Bridge[[#This Row],[2025]]="n.a"), "-", J22/Bridge[[#This Row],[2024]]) -> -
A23: Kedah | B23: 880 | C23: n.a | D23: 0 | E23: 0 | G23: - | H23: =IF(OR(Bridge[[#This Row],[2023]]="n.a", Bridge[[#This Row],[2022]]="n.a"),"-", Bridge[[#This Row],[2023]]-Bridge[[#This Row],[2022]]) -> - | I23: =IF(OR(Bridge[[#This Row],[2024]]="n.a", Bridge[[#This Row],[2023]]="n.a"),"-", Bridge[[#This Row],[2024]]-Bridge[[#This Row],[2023]]) -> - | J23: =IF(OR(Bridge[[#This Row],[2025]]="n.a", Bridge[[#This Row],[2024]]="n.a"),"-", Bridge[[#This Row],[2025]]-Bridge[[#This Row],[2024]]) -> 0 | L23: - | M23: =IF(OR(Bridge[[#This Row],[2022]]="n.a", Bridge[[#This Row],[2022]]=0, Bridge[[#This Row],[2023]]="n.a"), "-", H23/Bridge[[#This Row],[2022]]) -> - | N23: =IF(OR(Bridge[[#This Row],[2023]]="n.a", Bridge[[#This Row],[2023]]=0, Bridge[[#This Row],[2024]]="n.a"), "-", I23/Bridge[[#This Row],[2023]]) -> - | O23: =IF(OR(Bridge[[#This Row],[2024]]="n.a", Bridge[[#This Row],[2024]]=0, Bridge[[#This Row],[2025]]="n.a"), "-", J23/Bridge[[#This Row],[2024]]) -> -
A24: Kelantan | B24: 1350 | C24: n.a | D24: 1000 | E24: 1000 | G24: - | H24: =IF(OR(Bridge[[#This Row],[2023]]="n.a", Bridge[[#This Row],[2022]]="n.a"),"-", Bridge[[#This Row],[2023]]-Bridge[[#This Row],[2022]]) -> - | I24: =IF(OR(Bridge[[#This Row],[2024]]="n.a", Bridge[[#This Row],[2023]]="n.a"),"-", Bridge[[#This Row],[2024]]-Bridge[[#This Row],[2023]]) -> - | J24: =IF(OR(Bridge[[#This Row],[2025]]="n.a", Bridge[[#This Row],[2024]]="n.a"),"-", Bridge[[#This Row],[2025]]-Bridge[[#This Row],[2024]]) -> 0 | L24: - | M24: =IF(OR(Bridge[[#This Row],[2022]]="n.a", Bridge[[#This Row],[2022]]=0, Bridge[[#This Row],[2023]]="n.a"), "-", H24/Bridge[[#This Row],[2022]]) -> - | N24: =IF(OR(Bridge[[#This Row],[2023]]="n.a", Bridge[[#This Row],[2023]]=0, Bridge[[#This Row],[2024]]="n.a"), "-", I24/Bridge[[#This Row],[2023]]) -> - | O24: =IF(OR(Bridge[[#This Row],[2024]]="n.a", Bridge[[#This Row],[2024]]=0, Bridge[[#This Row],[2025]]="n.a"), "-", J24/Bridge[[#This Row],[2024]]) -> 0
A25: Melaka | B25: 0 | C25: n.a | D25: 0 | E25: 0 | G25: - | H25: =IF(OR(Bridge[[#This Row],[2023]]="n.a", Bridge[[#This Row],[2022]]="n.a"),"-", Bridge[[#This Row],[2023]]-Bridge[[#This Row],[2022]]) -> - | I25: =IF(OR(Bridge[[#This Row],[2024]]="n.a", Bridge[[#This Row],[2023]]="n.a"),"-", Bridge[[#This Row],[2024]]-Bridge[[#This Row],[2023]]) -> - | J25: =IF(OR(Bridge[[#This Row],[2025]]="n.a", Bridge[[#This Row],[2024]]="n.a"),"-", Bridge[[#This Row],[2025]]-Bridge[[#This Row],[2024]]) -> 0 | L25: - | M25: =IF(OR(Bridge[[#This Row],[2022]]="n.a", Bridge[[#This Row],[2022]]=0, Bridge[[#This Row],[2023]]="n.a"), "-", H25/Bridge[[#This Row],[2022]]) -> - | N25: =IF(OR(Bridge[[#This Row],[2023]]="n.a", Bridge[[#This Row],[2023]]=0, Bridge[[#This Row],[2024]]="n.a"), "-", I25/Bridge[[#This Row],[2023]]) -> - | O25: =IF(OR(Bridge[[#This Row],[2024]]="n.a", Bridge[[#This Row],[2024]]=0, Bridge[[#This Row],[2025]]="n.a"), "-", J25/Bridge[[#This Row],[2024]]) -> -
A26: Negeri Sembilan | B26: 350 | C26: n.a | D26: 500 | E26: 0 | G26: - | H26: =IF(OR(Bridge[[#This Row],[2023]]="n.a", Bridge[[#This Row],[2022]]="n.a"),"-", Bridge[[#This Row],[2023]]-Bridge[[#This Row],[2022]]) -> - | I26: =IF(OR(Bridge[[#This Row],[2024]]="n.a", Bridge[[#This Row],[2023]]="n.a"),"-", Bridge[[#This Row],[2024]]-Bridge[[#This Row],[2023]]) -> - | J26: =IF(OR(Bridge[[#This Row],[2025]]="n.a", Bridge[[#This Row],[2024]]="n.a"),"-", Bridge[[#This Row],[2025]]-Bridge[[#This Row],[2024]]) -> -500 | L26: - | M26: =IF(OR(Bridge[[#This Row],[2022]]="n.a", Bridge[[#This Row],[2022]]=0, Bridge[[#This Row],[2023]]="n.a"), "-", H26/Bridge[[#This Row],[2022]]) -> - | N26: =IF(OR(Bridge[[#This Row],[2023]]="n.a", Bridge[[#This Row],[2023]]=0, Bridge[[#This Row],[2024]]="n.a"), "-", I26/Bridge[[#This Row],[2023]]) -> - | O26: =IF(OR(Bridge[[#This Row],[2024]]="n.a", Bridge[[#This Row],[2024]]=0, Bridge[[#This Row],[2025]]="n.a"), "-", J26/Bridge[[#This Row],[2024]]) -> -1
A27: Pahang | B27: 1480 | C27: n.a | D27: 0 | E27: 0 | G27: - | H27: =IF(OR(Bridge[[#This Row],[2023]]="n.a", Bridge[[#This Row],[2022]]="n.a"),"-", Bridge[[#This Row],[2023]]-Bridge[[#This Row],[2022]]) -> - | I27: =IF(OR(Bridge[[#This Row],[2024]]="n.a", Bridge[[#This Row],[2023]]="n.a"),"-", Bridge[[#This Row],[2024]]-Bridge[[#This Row],[2023]]) -> - | J27: =IF(OR(Bridge[[#This Row],[2025]]="n.a", Bridge[[#This Row],[2024]]="n.a"),"-", Bridge[[#This Row],[2025]]-Bridge[[#This Row],[2024]]) -> 0 | L27: - | M27: =IF(OR(Bridge[[#This Row],[2022]]="n.a", Bridge[[#This Row],[2022]]=0, Bridge[[#This Row],[2023]]="n.a"), "-", H27/Bridge[[#This Row],[2022]]) -> - | N27: =IF(OR(Bridge[[#This Row],[2023]]="n.a", Bridge[[#This Row],[2023]]=0, Bridge[[#This Row],[2024]]="n.a"), "-", I27/Bridge[[#This Row],[2023]]) -> - | O27: =IF(OR(Bridge[[#This Row],[2024]]="n.a", Bridge[[#This Row],[2024]]=0, Bridge[[#This Row],[2025]]="n.a"), "-", J27/Bridge[[#This Row],[2024]]) -> -
A28: Pulau Pinang | B28: 0 | C28: n.a | D28: 0 | E28: 0 | G28: - | H28: =IF(OR(Bridge[[#This Row],[2023]]="n.a", Bridge[[#This Row],[2022]]="n.a"),"-", Bridge[[#This Row],[2023]]-Bridge[[#This Row],[2022]]) -> - | I28: =IF(OR(Bridge[[#This Row],[2024]]="n.a", Bridge[[#This Row],[2023]]="n.a"),"-", Bridge[[#This Row],[2024]]-Bridge[[#This Row],[2023]]) -> - | J28: =IF(OR(Bridge[[#This Row],[2025]]="n.a", Bridge[[#This Row],[2024]]="n.a"),"-", Bridge[[#This Row],[2025]]-Bridge[[#This Row],[2024]]) -> 0 | L28: - | M28: =IF(OR(Bridge[[#This Row],[2022]]="n.a", Bridge[[#This Row],[2022]]=0, Bridge[[#This Row],[2023]]="n.a"), "-", H28/Bridge[[#This Row],[2022]]) -> - | N28: =IF(OR(Bridge[[#This Row],[2023]]="n.a", Bridge[[#This Row],[2023]]=0, Bridge[[#This Row],[2024]]="n.a"), "-", I28/Bridge[[#This Row],[2023]]) -> - | O28: =IF(OR(Bridge[[#This Row],[2024]]="n.a", Bridge[[#This Row],[2024]]=0, Bridge[[#This Row],[2025]]="n.a"), "-", J28/Bridge[[#This Row],[2024]]) -> -
A29: Perak | B29: 270 | C29: n.a | D29: 0 | E29: 0 | G29: - | H29: =IF(OR(Bridge[[#This Row],[2023]]="n.a", Bridge[[#This Row],[2022]]="n.a"),"-", Bridge[[#This Row],[2023]]-Bridge[[#This Row],[2022]]) -> - | I29: =IF(OR(Bridge[[#This Row],[2024]]="n.a", Bridge[[#This Row],[2023]]="n.a"),"-", Bridge[[#This Row],[2024]]-Bridge[[#This Row],[2023]]) -> - | J29: =IF(OR(Bridge[[#This Row],[2025]]="n.a", Bridge[[#This Row],[2024]]="n.a"),"-", Bridge[[#This Row],[2025]]-Bridge[[#This Row],[2024]]) -> 0 | L29: - | M29: =IF(OR(Bridge[[#This Row],[2022]]="n.a", Bridge[[#This Row],[2022]]=0, Bridge[[#This Row],[2023]]="n.a"), "-", H29/Bridge[[#This Row],[2022]]) -> - | N29: =IF(OR(Bridge[[#This Row],[2023]]="n.a", Bridge[[#This Row],[2023]]=0, Bridge[[#This Row],[2024]]="n.a"), "-", I29/Bridge[[#This Row],[2023]]) -> - | O29: =IF(OR(Bridge[[#This Row],[2024]]="n.a", Bridge[[#This Row],[2024]]=0, Bridge[[#This Row],[2025]]="n.a"), "-", J29/Bridge[[#This Row],[2024]]) -> -
A30: Perlis | B30: 0 | C30: n.a | D30: 0 | E30: 0 | G30: - | H30: =IF(OR(Bridge[[#This Row],[2023]]="n.a", Bridge[[#This Row],[2022]]="n.a"),"-", Bridge[[#This Row],[2023]]-Bridge[[#This Row],[2022]]) -> - | I30: =IF(OR(Bridge[[#This Row],[2024]]="n.a", Bridge[[#This Row],[2023]]="n.a"),"-", Bridge[[#This Row],[2024]]-Bridge[[#This Row],[2023]]) -> - | J30: =IF(OR(Bridge[[#This Row],[2025]]="n.a", Bridge[[#This Row],[2024]]="n.a"),"-", Bridge[[#This Row],[2025]]-Bridge[[#This Row],[2024]]) -> 0 | L30: - | M30: =IF(OR(Bridge[[#This Row],[2022]]="n.a", Bridge[[#This Row],[2022]]=0, Bridge[[#This Row],[2023]]="n.a"), "-", H30/Bridge[[#This Row],[2022]]) -> - | N30: =IF(OR(Bridge[[#This Row],[2023]]="n.a", Bridge[[#This Row],[2023]]=0, Bridge[[#This Row],[2024]]="n.a"), "-", I30/Bridge[[#This Row],[2023]]) -> - | O30: =IF(OR(Bridge[[#This Row],[2024]]="n.a", Bridge[[#This Row],[2024]]=0, Bridge[[#This Row],[2025]]="n.a"), "-", J30/Bridge[[#This Row],[2024]]) -> -
A31: Selangor | B31: 0 | C31: n.a | D31: 0 | E31: 500 | G31: - | H31: =IF(OR(Bridge[[#This Row],[2023]]="n.a", Bridge[[#This Row],[2022]]="n.a"),"-", Bridge[[#This Row],[2023]]-Bridge[[#This Row],[2022]]) -> - | I31: =IF(OR(Bridge[[#This Row],[2024]]="n.a", Bridge[[#This Row],[2023]]="n.a"),"-", Bridge[[#This Row],[2024]]-Bridge[[#This Row],[2023]]) -> - | J31: =IF(OR(Bridge[[#This Row],[2025]]="n.a", Bridge[[#This Row],[2024]]="n.a"),"-", Bridge[[#This Row],[2025]]-Bridge[[#This Row],[2024]]) -> 500 | L31: - | M31: =IF(OR(Bridge[[#This Row],[2022]]="n.a", Bridge[[#This Row],[2022]]=0, Bridge[[#This Row],[2023]]="n.a"), "-", H31/Bridge[[#This Row],[2022]]) -> - | N31: =IF(OR(Bridge[[#This Row],[2023]]="n.a", Bridge[[#This Row],[2023]]=0, Bridge[[#This Row],[2024]]="n.a"), "-", I31/Bridge[[#This Row],[2023]]) -> - | O31: =IF(OR(Bridge[[#This Row],[2024]]="n.a", Bridge[[#This Row],[2024]]=0, Bridge[[#This Row],[2025]]="n.a"), "-", J31/Bridge[[#This Row],[2024]]) -> -
A32: Terengganu | B32: 2669 | C32: n.a | D32: 0 | E32: 0 | G32: - | H32: =IF(OR(Bridge[[#This Row],[2023]]="n.a", Bridge[[#This Row],[2022]]="n.a"),"-", Bridge[[#This Row],[2023]]-Bridge[[#This Row],[2022]]) -> - | I32: =IF(OR(Bridge[[#This Row],[2024]]="n.a", Bridge[[#This Row],[2023]]="n.a"),"-", Bridge[[#This Row],[2024]]-Bridge[[#This Row],[2023]]) -> - | J32: =IF(OR(Bridge[[#This Row],[2025]]="n.a", Bridge[[#This Row],[2024]]="n.a"),"-", Bridge[[#This Row],[2025]]-Bridge[[#This Row],[2024]]) -> 0 | L32: - | M32: =IF(OR(Bridge[[#This Row],[2022]]="n.a", Bridge[[#This Row],[2022]]=0, Bridge[[#This Row],[2023]]="n.a"), "-", H32/Bridge[[#This Row],[2022]]) -> - | N32: =IF(OR(Bridge[[#This Row],[2023]]="n.a", Bridge[[#This Row],[2023]]=0, Bridge[[#This Row],[2024]]="n.a"), "-", I32/Bridge[[#This Row],[2023]]) -> - | O32: =IF(OR(Bridge[[#This Row],[2024]]="n.a", Bridge[[#This Row],[2024]]=0, Bridge[[#This Row],[2025]]="n.a"), "-", J32/Bridge[[#This Row],[2024]]) -> -
